index,id,artist,name,danceability,energy,key,loudness,mode,speechiness,acousticness,instrumentalness,liveness,valence,tempo,duration_ms,time_signature
0,07m8PuXxxv5J4qPEDq6ZkK,Ben Rector,"Brand New",0.555,0.934,9,-5.04,1,0.113,0.00268,0,0.122,0.422,144.874,243933,4
1,3dEFa9KjOLEZl980ctEEv1,Florence + The Machine,"Ship To Wreck",0.564,0.923,9,-3.843,0,0.0325,0.00147,0,0.277,0.587,141.991,234526,4
2,30Ws4fQbAhaKWTS0hr0wJt,Drew Holcomb & The Neighbors,"Dance With Everybody",0.678,0.889,5,-5.172,1,0.0577,0.252,0.0000707,0.211,0.883,125.983,210667,4
3,14PGuHlKGSYWFEVOWw40Va,The National Parks,"I Can Feel It",0.64,0.869,0,-5.853,1,0.0612,0.00943,0.0129,0.0986,0.509,108.043,168479,4
4,1GgoypuXSxpTKOxEYiZ3JJ,Ben Rector,"Drive",0.567,0.862,2,-4.073,1,0.0384,0.0131,0,0.0608,0.61,126.066,197387,4
5,4BEI01RMjIuA2geFPZIVHS,The Paper Kites,"On the Corner Where You Live",0.512,0.854,5,-5.887,1,0.0456,0.00337,0.44,0.481,0.592,151.057,276480,4
6,7zWYskRENVPyJUh8FLzuoT,Orla Gartland,"Flatline",0.755,0.852,2,-5.666,1,0.0388,0.023,0.00176,0.0475,0.919,123.969,201204,4
7,1mkwI947OIcgdzBvRjRPPx,Passenger,"27",0.54,0.851,2,-6.765,1,0.0693,0.0165,0,0.0882,0.696,89.47,200320,4
8,2msdr19RehOAL1RTTRwfCg,Rubber Duc,"Wellington",0.617,0.85,4,-4.643,1,0.0512,0.0358,0,0.273,0.442,120.022,211123,4
9,0YPWqS1QVVB0LQ5h3gxbBH,The National Parks,"Lights in the City",0.519,0.847,11,-5.526,1,0.0505,0.0194,0.0000396,0.296,0.445,135.05,207500,4
10,7Cy46glHTiYmExbOMhLb5K,Ben Rector,"Joy",0.714,0.841,8,-7.826,0,0.0583,0.347,0.00000725,0.357,0.933,146.04,283400,4
11,50YBK8OKWYxD4eBNRwT7Qz,BANNERS,"Happier",0.693,0.841,10,-7.523,1,0.0683,0.618,0,0.1,0.69,120.061,180500,4
12,0tgBtQ0ISnMQOKorrN9HLX,John Mayer,"Last Train Home",0.591,0.831,4,-6.612,1,0.0355,0.235,0.00142,0.0571,0.678,93.007,187307,4
13,2smpiAZfaN0GFi15MqAq6E,Dean Lewis,"Stay Awake",0.723,0.83,11,-7.123,0,0.0454,0.334,0.0000423,0.0931,0.582,106.027,185400,4
14,7vh8aA3VMof7m2JR8hX8Nm,The Paper Kites,"Deep Burn Blue",0.556,0.811,9,-5.974,0,0.0337,0.326,0.628,0.13,0.15,110.012,279480,4
15,1DQzw4dCdY5iGnOPNHEoPz,ISLAND,"She",0.505,0.81,6,-5.759,1,0.0317,0.0026,0.0522,0.084,0.244,93.462,242550,4
16,6dux5viG3Ku3IefPx3gFNT,Florence + The Machine,"Dog Days Are Over",0.501,0.809,7,-5.264,1,0.0938,0.0338,0.00602,0.119,0.258,149.964,252819,4
17,4YeUVRpVxaDx6zu6CtB01j,Ben Rector,"When I'm With You",0.434,0.805,2,-6.211,1,0.0315,0.00117,0.00000317,0.176,0.32,158.139,226133,3
18,05tKse2mbMxPPDqJDPunMD,Timeflies,"Raincoat - Loote Remix",0.734,0.804,10,-7.946,1,0.0811,0.264,0,0.0555,0.746,165.995,201687,4
19,1XZeBXHGMqYVvVqeBe2QoS,ISLAND,"All in My Head",0.391,0.803,9,-5.16,0,0.0452,0.026,0.0407,0.335,0.166,139.723,264850,4
20,5gza85soOXdZTE2TMfqDWM,ISLAND,"Ride",0.527,0.802,4,-6.705,1,0.0299,0.0106,0.00181,0.0859,0.706,104.519,233960,4
21,2K28PAjVBhB6jOUVyj7PLT,The Paper Kites,"When It Hurts You",0.578,0.797,2,-4.854,1,0.0305,0.332,0.0456,0.274,0.406,100.995,293360,4
22,5nsFJfYtAFZmL9PbtYKYcA,Stephen Sanchez,"See The Light",0.728,0.796,4,-5.33,1,0.0461,0.162,0.00000928,0.196,0.691,117.925,180147,4
23,2clElTsD1qOztIwI9CuJvu,Matthew Mole,"Okay",0.592,0.793,0,-7.884,1,0.056,0.0211,0,0.178,0.646,83.04,193825,4
24,2BVxCW4Yry9SaMVETrybRR,ISLAND,"God Forgive",0.434,0.789,2,-5.275,1,0.0421,0.0928,0.00368,0.117,0.371,119.097,278360,4
25,2wcRuegxLUW1IznkfPHTBc,Jordy Searcy,"Everything I Want",0.685,0.788,8,-5.144,1,0.052,0.268,0.0000378,0.0507,0.921,115.146,191413,4
26,35RrDnREM1xxx4YBxDHikm,Ben Rector,"I Will Always Be Yours",0.444,0.771,0,-4.607,1,0.0485,0.13,0,0.273,0.45,148.028,226827,4
27,3PWlwy0DdP4vIhzp0RrrOh,BANNERS,"I Wasn't Ready",0.617,0.764,2,-6.98,1,0.116,0.0329,0,0.14,0.771,146.895,183902,4
28,0hNOP5epEjX8Zj5aSGr6JU,Dean Lewis,"Waves",0.517,0.762,11,-5.806,0,0.0454,0.161,0,0.0897,0.351,156.928,241292,4
29,5pjETtb5hpSStfFlAAU0J7,Ben Rector,"Kids",0.584,0.76,11,-6.494,1,0.0386,0.0496,0.00000679,0.126,0.176,101.574,257493,4
30,0z3cJsLM4vvmdZJ8lulR5t,ISLAND,"Something Perfect",0.554,0.759,11,-6.331,0,0.0339,0.000828,0.00648,0.0775,0.321,115.028,190240,4
31,0CKPLoYW0nsAnjnr00HRWV,Billy Raffoul,"I'm Not A Saint",0.748,0.758,10,-5.82,0,0.0726,0.0961,0.000161,0.212,0.672,127.979,195166,4
32,0qDG9MjRZISlT31enV6xOA,Ben Rector,"Let the Good Times Roll",0.644,0.757,0,-4.773,1,0.0367,0.166,0,0.943,0.501,112.056,189360,4
33,5imShWWzwqfAJ9gXFpGAQh,John Mayer,"Waiting On the World to Change",0.578,0.756,2,-5.82,1,0.115,0.157,0.000232,0.249,0.663,176.739,201173,4
34,5KxcMQlpKTEIkLEGE5nset,Charlie Finch,"No Escape",0.575,0.753,4,-6.846,0,0.0492,0.00361,0,0.3,0.435,75.975,212798,4
35,0yGODiR387R0pcOPkU1Tt3,ISLAND,"Young Days",0.513,0.747,4,-5.152,0,0.0272,0.0141,0.0000046,0.22,0.408,139.811,211627,4
36,600oiqLkQIJ85HvQGIQWvO,The Script,"The Last Time",0.521,0.746,5,-3.421,1,0.0349,0.0486,0,0.236,0.15,132.014,196107,4
37,15JVqbFEDFosNfeWOaVo88,The National Parks,"Places",0.526,0.743,2,-5.122,1,0.0435,0.122,0.0000108,0.0566,0.288,127.944,195924,4
38,6K0b2FYLwAbq90OgmrMvdg,Matthew Mole,"Let Me",0.584,0.741,2,-7.695,1,0.0459,0.26,0.0000394,0.051,0.961,177.465,229562,3
39,4ztgjcOsR0HGsm1vkzh0Ky,Ben Rector,"Sunday (feat. Snoop Dogg)",0.744,0.739,2,-5.456,1,0.0482,0.334,0.0000253,0.0617,0.973,150.014,202093,4
40,2BkyYZmU4JuWW2sYi9EzpC,Dean Lewis,"7 Minutes",0.614,0.739,10,-6.478,1,0.0314,0.526,0,0.149,0.711,104.955,211453,4
41,1ApB2QRPQi3MlBUFeegVUr,Andreas Moe,"Something Right",0.731,0.738,2,-5.675,1,0.0634,0.28,0,0.711,0.598,95.02,243583,4
42,4BdGO1CaObRD4La9l5Zanz,Foster The People,"Sit Next to Me",0.638,0.738,6,-4.976,0,0.0292,0.117,0.000384,0.689,0.657,97.021,243147,4
43,75yHLmXyBRvPa1e8czGlxu,Ben Rector,"Supernatural (feat. Dave Koz)",0.68,0.735,9,-7.107,0,0.0456,0.00291,0.00861,0.118,0.685,111.026,267267,4
44,0R7EWhquaAICmyE5MZqt3q,Ben Rector,"Living My Best Life",0.566,0.733,4,-5.302,1,0.0699,0.083,0.00000155,0.362,0.636,178.828,215213,4
45,0dxaY8QH7eD9SE5HRjxNKI,Fergus James,"Backseat",0.602,0.732,1,-3.282,1,0.0254,0.0242,0,0.0923,0.449,100.013,176636,4
46,3brmDf3GLNsiWxJobTCn4a,Florence + The Machine,"Never Let Me Go",0.459,0.727,9,-3.24,1,0.0359,0.297,0.0000103,0.38,0.263,145.093,271377,4
47,4aeXMlGikze99fS0PFergJ,The National Parks,"Come Closer",0.522,0.721,4,-5.659,0,0.0474,0.0446,0.000548,0.351,0.458,140.006,197123,4
48,6Ek1l5BODK5Y0BErHkOWrj,Andreas Moe,"Bus Stop",0.47,0.721,11,-5.523,1,0.0432,0.274,0,0.114,0.511,99.435,174147,4
49,6upqycHdFZkd1JzVeqjnGo,NEEDTOBREATHE,"Dreams (feat. Judah & The Lion)",0.438,0.721,1,-5.37,1,0.0407,0.118,0.00000253,0.085,0.325,167.9,249467,4
50,2KuDjmr5mllSNgpk1PtVd5,Stephen Sanchez,"Hold Her While You Can",0.502,0.718,2,-5.87,1,0.0303,0.0181,0.00000831,0.289,0.36,89.976,264013,4
51,4RE3vueod5PL48rvHtuu9C,James Bay,"Peer Pressure",0.631,0.715,1,-6.083,0,0.0277,0.0299,0,0.122,0.42,135.826,176827,4
52,63q3GlHZstxXzfb0zt7ZYY,The Lumineers,"BRIGHTSIDE",0.549,0.715,10,-7.01,1,0.0356,0.359,0,0.101,0.555,134.074,229773,4
53,3CN9WtSBqCI6TXne9XNomb,The Lumineers,"Gloria",0.523,0.714,11,-6.021,1,0.0367,0.658,0.0000052,0.0785,0.659,78.211,216120,4
54,6Od2OWvoT4embWAgIGeFRd,Vance Joy,"Like Gold",0.477,0.712,7,-6.759,1,0.0653,0.224,0.00000836,0.118,0.407,109.965,224400,4
55,7w87IxuO7BDcJ3YUqCyMTT,Foster The People,"Pumped Up Kicks",0.733,0.71,5,-5.849,0,0.0292,0.145,0.115,0.0956,0.965,127.975,239600,4
56,4qwjkpSiA4XZXNmk0Cmpfi,Ben Rector,"Duo",0.703,0.708,11,-4.826,1,0.122,0.0664,0.00265,0.214,0.739,80.139,202587,4
57,124KRi7jkm9Skq89xIK28V,NEEDTOBREATHE,"I Wanna Remember (feat. Carrie Underwood)",0.466,0.708,9,-6.379,1,0.041,0.179,0.000138,0.116,0.1,97.991,213857,4
58,0ulLs8vN4SBtVHc5KDAamV,The Paper Kites,"Revelator Eyes",0.52,0.706,8,-8.989,1,0.0299,0.109,0.026,0.174,0.587,153.027,262267,4
59,4APVVf3tigYrkWKY9CA5SF,Andreas Moe,"Ocean (Take the Dive)",0.569,0.7,1,-7.761,0,0.0297,0.402,0,0.273,0.779,93.019,206080,4
60,1ySdKj9IbvIRCyjPBe6NpV,Christopher,"Ghost",0.672,0.698,9,-6.873,1,0.0423,0.0522,0,0.319,0.293,141.979,193119,4
61,4T6FWA703h6H7zk1FoSARw,John Mayer,"New Light",0.826,0.694,7,-7.862,1,0.0315,0.316,0.0285,0.074,0.852,123.932,217427,4
62,4MYUnIBcd3NsQbPJm6RGRZ,The Paper Kites,"Electric Indigo",0.575,0.694,1,-8.034,1,0.0345,0.12,0.196,0.107,0.704,95.999,223520,4
63,72NfA7H7MNNRivi623c34g,Andreas Moe,"Holding On",0.625,0.693,4,-9.14,1,0.0304,0.761,0.00225,0.0759,0.865,153.048,167551,4
64,5Ms8gtJUCzJ4IVWd7gCSR6,Ben Rector,"Wherever You Are",0.441,0.692,1,-5.079,1,0.0456,0.0669,0,0.084,0.251,155.832,197209,4
65,06voX63M9lLDmlIt2zrHpe,Jordy Searcy,"Daylight",0.776,0.687,0,-7.089,1,0.107,0.526,0.000178,0.115,0.904,147.036,205067,4
66,2oZsDq0pwp9yLgHGoI2Y5F,Wallows,"Are You Bored Yet? (feat. Clairo)",0.681,0.683,8,-6.444,0,0.0287,0.158,0.0000232,0.273,0.64,120.027,178000,4
67,7bcnTUSnxnt30Y4ynLCQ6T,Ben Rector,"We Will Never Be This Young Again",0.669,0.683,1,-6.179,0,0.0347,0.0315,0.0000463,0.0442,0.318,107.957,214733,4
68,34PTkw8vVXf3jSy9G4KcKo,The Paper Kites,"Woke Up From a Dream",0.515,0.683,7,-6.629,1,0.0278,0.0841,0.00908,0.0742,0.438,121.147,285453,4
69,12rcsuv4QgpfAGlYaYj43c,ISLAND,"We Can Go Anywhere",0.371,0.682,9,-5.396,1,0.0313,0.122,0.00967,0.0857,0.322,127.292,375107,4
70,6e98Eg40UdsdXqnfamel4E,The Magic Gang,"Feeling Better",0.807,0.679,0,-5.421,1,0.0325,0.143,0.0113,0.0837,0.634,124.577,185455,3
71,6r4jouSQy2Hl77pwMwChcM,Ben Rector,"Thank You",0.621,0.676,9,-6.982,1,0.0581,0.43,0,0.272,0.531,91.06,239200,4
72,5J7zqPpQkN9JZiaELHNKSL,Vance Joy,"We're Going Home",0.386,0.675,4,-5.481,0,0.0424,0.323,0.00000368,0.14,0.429,189.894,206360,4
73,3BRztJrZyWFwaRP6VYNsA1,The National Parks,"At the Heart",0.572,0.67,8,-6.987,1,0.0427,0.0102,0.0000344,0.0705,0.293,135.979,204231,4
74,4gYJWH66QxTo87XlVFtziu,ISLAND,"Try",0.63,0.669,6,-7.591,1,0.0392,0.331,0.00175,0.117,0.56,102.791,245947,4
75,2z74tRiKWd5Yv6d3qbNUCy,The Lumineers,"Holdin' Out",0.479,0.669,11,-11.301,1,0.0393,0.185,0.0262,0.103,0.336,113.027,186520,4
76,7oekneJCJO74ycdLzdk16v,Vance Joy,"Lay It on Me",0.733,0.663,5,-5.766,1,0.0322,0.101,0.00000698,0.0694,0.53,127.974,215493,4
77,4G1wFvcZmoMvItaRTxAGao,Alex Aiono,"Happy Ending",0.616,0.661,8,-7.179,1,0.142,0.459,0,0.306,0.603,105.121,237080,4
78,6dIZb64N6ICAWrf1RJrKfB,Dean Lewis,"Hold Of Me",0.596,0.658,5,-7.856,1,0.0608,0.0741,0,0.123,0.419,142.979,202893,4
79,77Y57qRJBvkGCUw9qs0qMg,John Mayer,"In the Blood",0.546,0.655,8,-6.526,1,0.0255,0.386,0.0000104,0.0983,0.518,80.007,243667,4
80,1BrU8tQjSCR2kEkouF0ldN,ISLAND,"Horizon",0.492,0.655,2,-8.195,1,0.0293,0.0838,0.388,0.126,0.409,94.309,193493,4
81,7xT7S9uNrRkYTl4U4xps4M,The Paper Kites,"Give Me Your Fire,Give Me Your Rain",0.526,0.654,2,-4.407,1,0.0328,0.123,0.0918,0.248,0.739,78.02,212200,4
82,783ICUdmtVQgg1meszkCfS,Passenger,"If You Go",0.366,0.645,9,-7.078,1,0.0508,0.134,0,0.281,0.499,180.343,224871,3
83,3xMwMtR0Z30FF8HlQ09wWE,Andreas Moe,"Free Fall",0.662,0.643,4,-7.215,1,0.0331,0.386,0,0.139,0.599,123.998,178098,4
84,66zJFuhki4Yaskr20Yo0eH,BANNERS,"Serenade",0.711,0.642,0,-6.68,1,0.0499,0.112,0,0.123,0.308,120.055,217493,4
85,3pVfjLi9msLtXG1h5yNn4d,Jordy Searcy,"Dark in the City",0.635,0.642,7,-7.789,1,0.0356,0.158,0.000064,0.223,0.39,93.245,212269,4
86,3tbJoFjD9ea2TRMsbf0z0H,Charlie Finch,"Stay the Winter",0.723,0.639,7,-7.422,1,0.0412,0.112,0,0.517,0.686,120.028,179849,4
87,5MFW5SOyi2uPppqJib5pVw,Jordy Searcy,"I Don’t Think You Love Me",0.451,0.632,0,-6.592,1,0.0964,0.625,0,0.436,0.395,135.824,192147,4
88,4VNu1KwwmGgHjImpQotEsn,Dean Lewis,"Straight Back Down",0.671,0.628,5,-7.114,1,0.0419,0.294,0,0.062,0.466,114.887,205347,4
89,7CEIn4lDK1nZQRfc6XVTqU,The Script,"The Last Time - Acoustic",0.627,0.628,5,-5.111,1,0.0295,0.102,0,0.121,0.296,132.021,196534,4
90,09yBr7jcbBNt8FCnC6Txcu,The National Parks,"Coração",0.498,0.624,3,-6.447,1,0.0399,0.0248,0.000443,0.102,0.437,130.052,229427,4
91,1kEM39SfejDKRNwrWLkISI,Andreas Moe,"Frozen River",0.636,0.623,7,-11.438,1,0.0438,0.581,0.000171,0.122,0.399,109.04,228160,4
92,5sHlU2ejWIzJDHgSrwSxx6,Passenger,"Anywhere",0.598,0.622,7,-6.948,1,0.0285,0.0959,0.0000804,0.0934,0.824,104.497,216207,4
93,41Va4mcT3GyKVu6u6LoLJ6,Charlie Finch,"The Chase",0.68,0.621,8,-8.6,1,0.03,0.00988,0.0117,0.107,0.358,135.012,240634,4
94,7k89nEaNK54kLKXHFbERzQ,Rubber Duc,"Down on My Knees",0.735,0.62,0,-7.676,1,0.0513,0.0715,0,0.0953,0.342,104.002,230635,4
95,3DJRR3CAwbu3m0azA7DHzL,Jordy Searcy,"Mirror Girl",0.606,0.619,11,-6.866,1,0.0751,0.337,0,0.299,0.552,97.188,178000,4
96,4GonX4H1a5XivVwdqZ1Hzo,The Paper Kites,"I'm Lying to You Cause I'm Lost",0.536,0.619,7,-6.758,1,0.0251,0.037,0.232,0.287,0.607,112.08,212707,4
97,6CFkHFZqvv5LTTzDGggLP6,Charlie Finch,"Life's Journey",0.722,0.618,9,-8.631,1,0.0384,0.0115,0.0000394,0.112,0.756,123.021,203815,4
98,3aA1dyHSCU6obV2HgARNdX,Ben Rector,"Daughter",0.626,0.612,11,-7.814,1,0.261,0.13,0.00000149,0.282,0.505,75.123,224853,4
99,4nWoYN8aF05BZgeMj7sbnp,Ben Rector,"What Makes a Man",0.558,0.605,9,-6.089,1,0.0303,0.353,0,0.177,0.305,89.846,210617,4
100,3up9PVg6BatOruFRxi4oLY,Jordy Searcy,"Rich",0.646,0.6,10,-9.06,1,0.031,0.492,0.000179,0.196,0.667,103.987,184120,4
101,77kB9ndJCAwkZk1k0i8igr,ISLAND,"Moth",0.488,0.597,11,-5.505,1,0.0292,0.0553,0.00000558,0.0811,0.33,118.32,221360,4
102,5NffPhg2C8T8GM8WTMvADQ,The Paper Kites,"Willow Tree March",0.602,0.592,4,-9.23,0,0.0481,0.282,0.0011,0.25,0.342,120.079,276813,4
103,2fipF2hExZjd8qLCFQBpJa,Ben Rector,"Hanging out (feat. Kenny G)",0.429,0.591,8,-7.531,1,0.051,0.268,0.000179,0.109,0.253,77.707,233173,4
104,5bZeugrr7oIATt1CLJuhT4,James TW,"Incredible",0.555,0.589,0,-6.209,1,0.043,0.306,0,0.147,0.264,180.937,246320,3
105,4lzyue8f0NOU3xSpm0CVgV,The National Parks,"Young",0.53,0.589,7,-9.074,1,0.0317,0.155,0.00000955,0.162,0.626,152.95,213347,4
106,031tI90Tz4hlhPmvi3djr0,Ben Rector,"It Would Be You",0.655,0.587,1,-8.736,1,0.045,0.26,0.00000607,0.0953,0.521,91.494,219067,4
107,0roPf0bwAsBDZv1bR15m15,Ben Rector,"It Would Be You",0.655,0.587,1,-8.736,1,0.045,0.26,0.00000607,0.0953,0.521,91.494,219067,4
108,1rjg4eh7GNbiTJIVrwqSTR,Jordy Searcy,"Shoulda Been In A Band",0.502,0.586,7,-5.769,1,0.0789,0.324,0.0000198,0.0808,0.368,145.262,258280,4
109,2TmhGoQFEc0Pr43v9Ub9Rd,Caitlyn Smith,"Lately",0.537,0.581,2,-4.49,1,0.0248,0.492,0.00215,0.101,0.102,90.967,207396,4
110,3ZUPnClu1aKF2Fmt7cFsLP,The Paper Kites,"Mess We Made",0.482,0.58,6,-6.535,0,0.0354,0.398,0.0757,0.106,0.299,110.633,312533,5
111,1zlgJFFI9jNGVFeAMOIoxt,The Paper Kites,"Red Light",0.56,0.578,3,-6.674,0,0.0235,0.0724,0.428,0.167,0.239,97.99,325000,4
112,5YjnnWg091lEmPrTSTLHgc,Ben Rector,"Beautiful",0.608,0.573,1,-6.869,1,0.0309,0.00503,0.00000164,0.121,0.265,105.036,239387,4
113,22GUd9JOxhSidGguHxf3Nu,George Ezra,"All My Love",0.449,0.571,0,-5.206,1,0.0503,0.135,0,0.279,0.656,173.73,160951,4
114,4jA0Ol7OXOMt2ZCHNiEVMU,Emily James,"Happy for Me",0.666,0.57,7,-5.476,1,0.0448,0.328,0,0.115,0.419,132.002,184467,4
115,2VDKSRDTpqWgczc33Lk9h5,The National Parks,"As We Ran",0.414,0.569,9,-7.02,1,0.0351,0.0179,0.00972,0.374,0.178,143.958,200322,4
116,37kLxS3IntmCnoE4a5XMKy,Charlie Finch,"Growing Up",0.756,0.568,11,-7.847,1,0.0265,0.212,0.0000355,0.181,0.667,114.976,189931,4
117,6TpyujRefwsflWFXbmjVpj,Luke Combs,"Doin' This",0.588,0.55,1,-5.878,1,0.0269,0.166,0.00000867,0.11,0.39,115.01,254173,4
118,1jzo5QmpKa8eLSF3NOJzPe,Birdtalker,"Heavy",0.614,0.549,5,-6.986,1,0.0516,0.286,0.00000264,0.142,0.258,77.926,264151,4
119,4gSBbAnct4qt5XbkCbTdnc,Passenger,"When We Were Young",0.538,0.545,4,-6.887,1,0.0261,0.247,0.0000584,0.189,0.429,139.423,280415,4
120,7x46YkKAwp3yZpaa72n5Mu,The Lumineers,"Stubborn Love",0.596,0.544,0,-11.759,1,0.0362,0.604,0.0176,0.262,0.262,115.023,279000,4
121,4ewpVpVKmIpA6HaKqUnt5L,Alex Aiono,"Good Morning",0.422,0.543,2,-7.299,1,0.171,0.715,0,0.1,0.573,172.6,212760,4
122,27BrerRuQ8H2nqXuiKtBah,ISLAND,"The Day I Die",0.643,0.542,6,-6.11,0,0.0291,0.0363,0.000183,0.0553,0.64,132.164,202960,4
123,7fsDd3jNcfOnRIJ17kPkbo,Justin Bieber,"Anyone",0.686,0.538,2,-8.026,1,0.0345,0.181,0.00000313,0.113,0.584,115.884,190779,4
124,2b2uqeIFEPZAjKtUdfGoTD,Ben Rector,"Steady Love (Live)",0.575,0.537,11,-6.584,1,0.0754,0.682,0.00285,0.884,0.444,153.88,346489,4
125,6vfmmwCPsz5xNLjKIlzwOF,Ben Rector,"Heroes",0.566,0.535,1,-7.377,1,0.0313,0.207,0.00000173,0.0657,0.273,124.848,271440,4
126,6c6t0aQOtVUZTxRQTlEkZQ,Owl City,"If My Heart Was a House",0.532,0.535,3,-8.599,1,0.0269,0.00451,0,0.0665,0.213,124.981,245720,3
127,0v8iaQnFPT8qkicB880pAr,Wild Rivers,"Weatherman",0.734,0.534,5,-9.467,1,0.0381,0.266,0.000432,0.11,0.504,122.055,185947,4
128,3QEOUIgfTjcLR2eyUSujBd,The Script,"I Want It All - Acoustic",0.529,0.534,8,-5.55,1,0.0274,0.342,0,0.151,0.477,160.085,183213,4
129,3qGRToYhVCGj41pKzXqua8,Wild Rivers,"I Won't Be Back",0.632,0.531,2,-6.018,1,0.036,0.0713,0,0.4,0.537,79.999,199413,4
130,6Nbvi82Fs1sUOTkGYog85E,Dustin Tebbutt,"Harvest",0.6,0.531,11,-12.74,0,0.0367,0.333,0.562,0.0925,0.195,86.997,278027,4
131,6YfSuIS9WW0JClHpJpULxM,Morningsiders,"Nightingale",0.308,0.529,9,-6.188,1,0.0274,0.0392,0.0000401,0.059,0.345,164.253,235381,4
132,42bbDWZ8WmXTH7PkYAlGLu,George Ezra,"Hold My Girl",0.614,0.527,10,-6.374,1,0.0302,0.597,0,0.11,0.354,121.941,211764,4
133,1bzymgL9lQBAYNhJIXlNNG,The Paper Kites,"Woodland",0.545,0.527,0,-9.497,1,0.0353,0.536,0.00014,0.156,0.37,89.064,231587,4
134,5htghP7rThIe6oXBN6uYI5,Drew Holcomb & The Neighbors,"Find Your People",0.678,0.526,5,-7.292,1,0.0281,0.329,0,0.302,0.492,87.005,194093,4
135,4fp615OQ4jgd3Xf55Uf9Cs,Passenger,"Somebody's Love",0.436,0.526,2,-8.183,0,0.0313,0.236,0.00127,0.132,0.36,134.502,323873,4
136,5Ny6HXUK1LMW3opDVnQCvi,Lewis Capaldi,"Grace",0.407,0.526,4,-6.61,1,0.0785,0.478,0,0.145,0.484,207.859,183960,4
137,14uhiVl5NwPDCmlRUgo4l6,Jordy Searcy,"Love & War in Your Twenties",0.736,0.525,2,-9.694,1,0.0296,0.22,0.00153,0.127,0.529,102.986,250547,4
138,3GKrqEZ0fZpVnD1A0BeAK9,Passenger,"Scare Away the Dark",0.442,0.523,7,-8.002,1,0.0324,0.0478,0.00000335,0.16,0.374,69.607,278594,4
139,3hVrC8e2aBK2suo7EMMXLj,The Lumineers,"Submarines",0.669,0.522,7,-9.933,1,0.0469,0.916,0.107,0.302,0.6,190.169,163240,3
140,5WfRUXwgd5KWRPG9bAmWst,ISLAND,"Lyra",0.39,0.521,4,-6.917,1,0.031,0.54,0.01,0.104,0.167,143.821,281801,3
141,3BAwNf0KLSp7SOnca0Q4j7,Neon Trees,"animal - revisited version",0.581,0.518,5,-7.721,1,0.0265,0.219,0,0.0957,0.494,143.982,217971,4
142,7ylOCfpjsuxM6w7W7b3W91,Kygo,"I See You (feat. Billy Raffoul)",0.68,0.513,4,-9.914,0,0.0365,0.483,0.0000705,0.0975,0.272,106.953,228707,4
143,59rK5CDvt3z9BMadJlRjcL,Emily James,"that was then",0.66,0.51,1,-8.956,1,0.059,0.655,0.00000268,0.16,0.325,77.999,174221,4
144,7nYyorbIVpbo1PaowBE5c6,The National Parks,"Waiting for Lightning",0.574,0.509,9,-7.546,1,0.0268,0.0848,0.0000858,0.0804,0.291,85.959,219299,4
145,4rypm0OAHbU1IXLA8atiGE,Stephen Sanchez,"Hey Girl",0.389,0.505,6,-7.777,0,0.037,0.538,0.00403,0.216,0.244,121.775,185907,4
146,74iZuPGwyL33VlTr6jTnab,Lady Gaga,"Always Remember Us This Way",0.549,0.502,0,-5.972,1,0.0405,0.299,0,0.764,0.291,129.842,210200,4
147,5igrAKYGCpB81myxGig5Mw,Birdtalker,"Blue Healer",0.595,0.5,4,-9.495,1,0.0354,0.437,0.251,0.202,0.3,144.03,318829,4
148,6VhuP99TE6gYNQRJIlAWFD,Stephen Sanchez,"Until I Found You",0.346,0.5,10,-6.097,1,0.0388,0.757,0,0.189,0.191,202.466,176667,3
149,0THzW6DgTrtGpl69aWFAvS,The Paper Kites,"Renegade",0.693,0.499,3,-8.924,0,0.0291,0.137,0.182,0.104,0.832,113.995,235160,4
150,05u81UgU27g8uL5twJ7ABz,Tom Walker,"Fly Away With Me",0.421,0.499,5,-8.869,1,0.173,0.61,0,0.0875,0.297,78.621,211733,4
151,04JhvPreqxWlAV5SdK4mNo,The Paper Kites,"Don't Keep Driving",0.35,0.499,6,-6.832,1,0.0289,0.352,0.758,0.127,0.115,113.618,320827,4
152,49tW2u59iX2z2thHLkYYo5,The National Parks,"Time",0.537,0.488,7,-9.492,1,0.0443,0.0436,0.000187,0.111,0.583,84.228,217967,4
153,2G7sptnwIKiPWrbKTlLhWQ,Ben Howard,"Only Love",0.545,0.485,8,-9.941,1,0.151,0.3,0.00137,0.119,0.341,80.401,249173,4
154,5SQkpKQP4woq7R4kG53HAy,Ben Rector,"Wonderful World",0.808,0.484,5,-7.495,1,0.0892,0.462,0,0.264,0.481,149.055,165801,4
155,3E3SMSm6FMRA9gkpaFRFrC,Stephen Sanchez,"Love Life",0.557,0.483,8,-6.46,1,0.0265,0.658,0,0.165,0.387,135.064,218533,4
156,52BtapS0Wy7LM8R6QvJRpp,Wild Rivers,"Amsterdam",0.637,0.482,1,-9.427,1,0.0284,0.217,0.0000969,0.0904,0.593,140.091,213920,4
157,1Fh2slksBn9TpTu3tSHSMa,George Ezra,"Anyone For You (Tiger Lily) - Acoustic",0.63,0.477,8,-5.756,1,0.0331,0.836,0,0.103,0.717,92.946,203870,4
158,55oLoWqGQ3unkMunMzgKeY,Andreas Moe,"Second Wind",0.586,0.474,0,-8.421,0,0.0274,0.122,0,0.111,0.404,76.003,227189,4
159,1b4QFVYQHqmLMn7exYauCj,Andreas Moe,"How Many Miles Away?",0.625,0.472,2,-10.77,1,0.0392,0.703,0.0000166,0.0874,0.244,129.022,287280,4
160,4ltyZZtnOj9PtqOvDtOd4t,The Paper Kites,"Midtown Waitress",0.57,0.47,6,-11.091,1,0.0372,0.369,0.00598,0.151,0.0958,90.963,318667,4
161,7AkPusgKsrTqbOcTTbRnFr,Novo Amor,"Halloween",0.649,0.467,5,-6.589,1,0.0304,0.874,0.0000168,0.114,0.353,106.549,154773,4
162,1teEKotmDNiPOECzlV9Q9P,Andreas Moe,"All We Know",0.554,0.467,11,-8.936,1,0.0369,0.514,0.00000832,0.102,0.314,144.038,212267,4
163,54hznmb8FaTCdwZvRGGUu9,Emily James,"Past Tense",0.684,0.465,1,-8.135,1,0.0371,0.768,0,0.108,0.572,144.962,203973,4
164,3AjlWSiT9RBW9JMZOvZkpe,Emily James,"Think I'm Gonna Make It",0.571,0.464,2,-7.463,1,0.0395,0.671,0.00000267,0.396,0.463,109.838,174413,4
165,0iULaBlXOJFxqXPWDE325p,ISLAND,"Just That Time of the Night",0.415,0.454,11,-6.58,1,0.025,0.0636,0.00257,0.107,0.191,66.39,260101,4
166,3eJ5D9HNQAJfHqUFCz8hi9,The Intermission Project,"Sorry",0.616,0.451,2,-8.787,1,0.0663,0.617,0,0.345,0.701,99.586,170092,4
167,5o792XuwxIxqwr73ZsACfJ,Jordy Searcy,"Why Can't We Be Friends?",0.79,0.448,0,-6.973,1,0.0594,0.522,0.00000388,0.077,0.659,82.048,207653,4
168,170sne6Q3FktcEFxfK6oTR,Passenger,"Young as the Morning Old as the Sea",0.663,0.447,3,-10.859,0,0.0348,0.653,0.0719,0.112,0.825,105.788,206092,4
169,4R1Y1sR53VJoqLjiJkaKrW,Norah Jones,"Those Sweet Words - Live",0.405,0.446,2,-9.951,1,0.042,0.875,0.0000717,0.939,0.392,183.701,230147,4
170,1xgT3Hn05j9ypY3lNuCfqc,Charlie Finch,"Into the Woods",0.553,0.437,0,-10.041,1,0.0325,0.523,0.000131,0.051,0.104,121.063,262053,4
171,6VoonmHLcrkzKEfPWnV5SE,Ben Rector,"Sailboat",0.455,0.434,10,-5.824,1,0.0339,0.324,0,0.0955,0.409,114.823,238573,5
172,0E5qs1cpZclZrTRAlhuyMh,Emily James,"I'm Not In Love",0.736,0.426,10,-7.556,1,0.0373,0.723,0.00000255,0.111,0.309,95.913,187067,4
173,2rBIC9Uc5qZeBjJvWulFTN,Jordy Searcy,"Fire",0.655,0.424,9,-9.389,1,0.029,0.676,0.0114,0.0994,0.666,144.047,189600,4
174,3eNSC9m8CukWPWdef8znPg,Stephen Sanchez,"Mountain Peaks",0.473,0.424,7,-8.144,1,0.0355,0.671,0.00000813,0.336,0.297,118.073,208400,4
175,44alNkXsYnTyPnkMdohBcx,The Paper Kites,"Bloom (Online Bonus Track)",0.581,0.421,1,-9.792,1,0.0245,0.894,0.000491,0.119,0.433,95.969,209817,4
176,48Rz0VfdkUPwW81e70c8lZ,The YChromes,"Good Things Fall Apart",0.536,0.421,10,-10.655,1,0.0352,0.125,0,0.252,0.553,143.846,167083,4
177,2LTl1pU074hnzAdy0SpHAb,Coldplay,"The Scientist",0.572,0.419,5,-7.991,1,0.024,0.737,0.000015,0.11,0.209,146.409,311427,4
178,55zgIXyhi8z6snmSx0iXQi,ISLAND,"Feels Like Air",0.368,0.417,2,-7.739,1,0.0323,0.338,0.00575,0.0917,0.0792,126.735,342120,4
179,23KE83mQ6w9bk6bdMCZ0CU,Wild Rivers,"I Do - Bonus Track",0.889,0.416,11,-8.868,0,0.107,0.224,0,0.257,0.563,127.98,184444,4
180,4xq4DzQf2XkTKXwVZ5S7FT,The Paper Kites,"Bleed Confusion",0.562,0.414,2,-11.157,1,0.0314,0.887,0.515,0.106,0.0574,74.958,261027,4
181,4bsDH8p2my1U5QDMZpBxYT,The Paper Kites,"Flashes",0.677,0.413,8,-13.994,1,0.0269,0.672,0.502,0.108,0.256,112.027,244600,4
182,40FTPUBd1fWmaoWKdWteYl,The Lumineers,"In The Light",0.688,0.411,9,-9.625,1,0.0275,0.835,0.0272,0.1,0.253,97.722,231868,4
183,16u9nt8ZyBfrf3M4tnt6Td,Jordy Searcy,"Morning Glow",0.47,0.408,4,-8.269,1,0.0402,0.703,0.0131,0.219,0.32,79.762,302467,3
184,4GvCKO2vlWeMpI46X8xQKK,Lewis Capaldi,"Someone You Loved",0.501,0.405,1,-5.679,1,0.032,0.751,0,0.105,0.447,109.889,182173,4
185,57Gcs9Mo5wvO8gvp3fsle5,Andreas Moe,"Wholeheartedly",0.422,0.399,4,-9.934,1,0.028,0.624,0.000254,0.101,0.505,97.043,191573,4
186,0HtGPWuefVqjV64QTD5i0v,Emily James,"Lighten Up",0.812,0.397,4,-7.981,1,0.0558,0.546,0,0.133,0.793,123.914,209490,4
187,6fjLKdbtosUNaCfypOPqvn,The Paper Kites,"Without Your Love (feat. Julia Stone)",0.617,0.395,2,-9.855,1,0.0245,0.794,0.742,0.0865,0.236,93.953,210725,4
188,3lw0CSMQ88LcN0ZMP6DlWi,Gregory Alan Isakov,"That Moon Song",0.255,0.394,2,-12.609,1,0.0309,0.653,0.1,0.148,0.267,145.315,214227,3
189,5cKQeqXKhyclhejXHMlrI4,Passenger,"Everything",0.404,0.393,7,-8.132,1,0.0285,0.409,0.000248,0.319,0.311,129.701,214168,4
190,1ixD29DWr5eSZ1vZROT40I,Riley Pearce,"Human",0.711,0.392,4,-9.964,1,0.0365,0.768,0.0000284,0.237,0.659,111.026,170242,4
191,3TKjLfmtDd0hhTU2D3UjsF,Morningsiders,"How Good It Is",0.649,0.392,0,-5.993,1,0.0274,0.578,0.0000543,0.0963,0.237,113.186,194523,3
192,7JrhgIcZbn8NEU7mLSmjNH,Passenger,"The Long Road",0.404,0.391,2,-12.002,1,0.0751,0.835,0.000281,0.103,0.392,86.85,232199,4
193,3eDo0sBUGqFUnnScLAUy0f,Emily James,"Brooklyn",0.54,0.384,10,-9.742,1,0.0457,0.766,0.00021,0.116,0.367,180.078,170960,4
194,4abEe6s1Ja2qSxqC6BUzn1,The Paper Kites,"Halcyon",0.633,0.382,2,-13.637,1,0.0256,0.806,0.161,0.0829,0.2,101.012,239080,4
195,6Y5chnfpGt3f6HM5xA8Pd1,Wild Rivers,"Call It a Night",0.578,0.38,9,-7.403,1,0.0336,0.592,0,0.107,0.338,144.398,247794,4
196,1OqpsF9qZ8tpiwiywtCiif,The National Parks,"Ghosts - Campfire Version",0.586,0.378,0,-8.71,1,0.0264,0.241,0.000228,0.0713,0.42,138.948,271696,4
197,7ldIYiFIvxPyTiy0iO9UqV,The Paper Kites,"Featherstone",0.804,0.377,8,-13.673,1,0.0366,0.866,0.021,0.104,0.641,124.91,229627,4
198,7onS7sAXzPt7Qf3ngWqu8Q,Jordy Searcy,"Better",0.585,0.377,2,-8.212,1,0.0731,0.601,0.00000299,0.15,0.574,129.668,210520,4
199,2p5peGFsiSfp155oGdEdqZ,Elina,"I Don’t Know Love",0.54,0.372,9,-8.653,1,0.0284,0.0857,0.0000169,0.107,0.375,125.956,253693,4
200,3P45QCRDLss7RA2Zg4yj4I,Emily James,"I Saw Your Face",0.61,0.366,4,-10.163,1,0.0609,0.878,0,0.153,0.144,75.936,215017,4
201,7rpZJ7nSe2m5he3OHEz8Yv,Ben Rector,"Paris",0.659,0.364,2,-8.83,1,0.0406,0.399,0.0000207,0.123,0.201,129.926,187680,4
202,2jdAk8ATWIL3dwT47XpRfu,John Mayer,"Slow Dancing in a Burning Room",0.667,0.361,1,-8.69,0,0.0273,0.575,0.00506,0.0805,0.29,134.018,242000,5
203,608JEuAS9UXSt39HvUw9aX,Twiceyoung,"Slow Down",0.394,0.358,10,-11.483,1,0.0322,0.807,0.00000368,0.118,0.248,155.343,217153,4
204,6OPCPWHHpFeRm60hiZuRrP,Wild Rivers,"Already Gone",0.587,0.353,10,-12.719,1,0.031,0.781,0.000108,0.0901,0.263,95.379,222823,4
205,1HbcclMpw0q2WDWpdGCKdS,Ed Sheeran,"Tenerife Sea",0.53,0.346,8,-10.497,1,0.0376,0.697,0.0000107,0.105,0.359,121.876,241347,4
206,5NsvxfpGzOXalL32GAH8Fr,Passenger,"Whispers",0.423,0.346,2,-8.916,1,0.0314,0.0906,0.0000564,0.101,0.186,149.352,242031,4
207,1C4VJyyTv66D32uIHkrAdC,Ed Prosek,"Ever After (Wedding Song)",0.543,0.343,8,-10.535,1,0.0453,0.649,0,0.0808,0.683,159.715,203861,4
208,0JXmh947In51NEtBgQyud4,Jordy Searcy,"Jenny - Live in Nashville, 2017",0.59,0.341,1,-10.332,1,0.0653,0.324,0,0.117,0.508,91.348,266405,4
209,3sz2roCk5tyGeMhHftbJye,Jordy Searcy,"All Night",0.579,0.34,4,-11.059,1,0.048,0.888,0.00492,0.43,0.364,92.975,202773,4
210,0bYDebBlQxsDR4hCgbbpOW,John Mayer,"I'm Gonna Find Another You",0.511,0.34,9,-9.928,1,0.0299,0.821,0.00876,0.0763,0.269,75.328,163027,3
211,2tTFLd7fZCB2yCQM2fhJ8s,Hazlett,"My Skin",0.569,0.336,8,-10.601,1,0.044,0.863,0.0000547,0.0924,0.338,163.692,216963,4
212,7Afr3PKTtlFGHGiXYgnv6P,Ben Rector,"I Like You",0.624,0.334,3,-11.89,1,0.0391,0.321,0.00000327,0.113,0.397,157.92,138507,4
213,2Dad2dzctBwgh4EvrYkq5M,Passenger,"Heart's on Fire",0.416,0.329,6,-12.323,1,0.0293,0.641,0.0004,0.132,0.152,146.173,253160,4
214,05FiTaRgf61OkgSDiN9RXR,Ed Sheeran,"Give Me Love",0.528,0.328,1,-9.872,1,0.046,0.694,0,0.112,0.111,116.069,526387,4
215,3SktMqZmo3M9zbB7oKMIF7,John Mayer,"Gravity",0.753,0.326,7,-9.883,1,0.0342,0.731,0.00131,0.24,0.237,123.799,245827,3
216,6hZmapFfbOBqQiKR4eMcbJ,The Collection,"Sing of the Moon",0.319,0.325,7,-8.753,0,0.0343,0.7,0.00528,0.115,0.0996,82.253,246367,4
217,42UaitnwvuKqNcD5Oa2HlD,Wild Rivers,"Thinking 'Bout Love",0.733,0.324,5,-8.122,1,0.033,0.479,0,0.067,0.388,141.8,199391,4
218,0vXx9GT0HPlkEsdkpfylU6,Ed Sheeran,"Afterglow",0.641,0.324,11,-5.851,1,0.0299,0.698,0,0.328,0.273,110.184,185487,4
219,7DZ8n63a46dU6iUyN9OeRl,Passenger,"The Way That I Love You - Single Version",0.508,0.323,1,-13.239,1,0.0347,0.714,0.0000193,0.118,0.472,120.861,159761,4
220,3uVEtIOcyE7rGAqcWJt95h,Lewis Capaldi,"Bruises",0.746,0.322,1,-7.922,0,0.0798,0.944,0,0.197,0.321,110.774,220200,4
221,0A3zAuF47kvuDVmnwPd1g1,The Paper Kites,"The Mortal Boy King",0.62,0.322,2,-10.868,1,0.0382,0.204,0.153,0.092,0.154,89.822,305227,4
222,2RdcyZsOisQLRE8L2K456O,Emily James,"what do i",0.454,0.319,11,-8.995,0,0.0316,0.244,0.000474,0.0963,0.195,69.772,223777,4
223,6C9hKHg0L0JffoqL9uceE8,The Intermission Project,"I've Been Waiting",0.518,0.316,6,-7.742,1,0.0456,0.668,0,0.0883,0.42,135.831,147402,3
224,3MXJ1xMir1HdLkFRXPsewv,The Paper Kites,"Turns Within Me,Turns Without Me",0.412,0.316,6,-14.083,1,0.0257,0.884,0.152,0.132,0.363,84.773,233707,4
225,1xVi1xnR1B6EECYOd5GUwI,Emily James,"Lovely Enough",0.665,0.315,9,-6.989,1,0.0341,0.74,0,0.106,0.155,76,208133,1
226,38zsOOcu31XbbYj9BIPUF1,Elton John,"Your Song",0.552,0.315,3,-11.028,1,0.0299,0.828,0.00000552,0.101,0.324,128.187,241787,4
227,3kO5Qsd9257k7ie7lFcFDr,Emily James,"In a Week",0.692,0.313,0,-9.855,1,0.0304,0.696,0.0000214,0.0996,0.218,80.006,195860,4
228,7Hgn6MVuZTVHL17KlBsoSa,Drew Holcomb,"Hung the Moon",0.428,0.309,0,-6.888,1,0.0296,0.706,0.000287,0.11,0.35,141.088,190613,4
229,5w3VUZNrbbbfURsJ8CPbQy,The Lumineers,"My Eyes",0.38,0.309,11,-8.337,1,0.0371,0.852,0.0000263,0.113,0.0906,187.752,216600,3
230,2RcEpOohSehGSfXnx9eA5k,Hazlett,"Hesitate",0.587,0.307,4,-14.871,1,0.0317,0.748,0,0.0901,0.168,96.938,249599,4
231,7wF4asYZw8cAHEljYd2Wid,Ben Rector,"Forever Like That",0.592,0.304,8,-9.833,1,0.0298,0.564,0,0.107,0.307,114.72,254027,3
232,5zT5cMnMKoyruPj13TQXGx,Amber Run,"I Found",0.567,0.303,7,-12.481,0,0.0351,0.862,0.00563,0.104,0.252,124.949,273000,4
233,5Ewz5ms8XpjtkihWFLnJJs,The Paper Kites,"Paint",0.554,0.303,4,-13.05,1,0.0366,0.893,0.00207,0.119,0.396,77.295,191773,4
234,4S5LEWgXWQkqC2EEOmRCF9,Ben Rector,"Life Keeps Moving On",0.749,0.301,9,-10.641,1,0.0471,0.78,0,0.0923,0.301,115.968,196547,4
235,7xKH2vppMfhWsx6u7BFDIt,Jordy Searcy,"Molly",0.754,0.299,3,-12.094,1,0.0864,0.935,0.0128,0.11,0.749,100.502,184000,4
236,4Tm5i27TUx2y3mCz9OweLR,The National Parks,"Open Skies (Wildflower)",0.605,0.295,7,-10.281,1,0.0294,0.238,0.0000923,0.144,0.368,123.809,217795,4
237,00cBcYOlnHoXX9ver3cmdE,JP Saxe,"A Little Bit Yours",0.598,0.295,1,-8.553,1,0.0276,0.735,0,0.107,0.314,87.025,225680,4
238,0NL2M63Em2rH5PD8idftkm,Andreas Moe,"Tangled Vine",0.426,0.294,3,-11.497,1,0.0351,0.928,0.00452,0.111,0.452,127.759,182264,4
239,20zcj4PSozTDNFGjML8fJS,Gregory Alan Isakov,"Idaho",0.518,0.292,11,-14.201,0,0.0265,0.811,0.622,0.119,0.194,133.757,282587,4
240,3yXeVwlkiat9lJmU3gWNU3,ISLAND,"Interlude",0.418,0.285,2,-12.143,1,0.03,0.628,0.38,0.34,0.21,127.332,138467,4
241,2iCcbMCYkRYIHatUoWfKIL,Andreas Moe,"Rise & Fall",0.407,0.284,2,-9.974,1,0.0325,0.855,0.00000459,0.109,0.557,95.33,190800,4
242,4WN7sK5S0oQ74hT6brZ46K,Chelou,"Telstar",0.547,0.283,2,-10.981,1,0.0302,0.604,0.19,0.0735,0.189,79.741,170388,4
243,0nJW01T7XtvILxQgC5J7Wh,Bruno Mars,"When I Was Your Man",0.612,0.28,0,-8.648,1,0.0434,0.932,0,0.088,0.387,72.795,213827,4
244,4gXpkXmHvaktsmmA1TJ2nv,Jordy Searcy,"Always/almost",0.67,0.278,4,-10.003,0,0.0407,0.764,0.00000789,0.111,0.576,77.978,215983,4
245,6UOkF086zUgYXnqFxqUvEI,Ben Rector,"Steady Love",0.678,0.277,11,-10.537,1,0.0602,0.843,0.00000391,0.104,0.238,76.935,224333,4
246,3e5yu9MkIvQx17mm7LF6KY,Canyon City,"Alone with You",0.549,0.274,1,-12.565,1,0.0379,0.798,0.00000663,0.103,0.207,86.664,186584,4
247,2x0kzA6hfFhSgHLqdW6UwP,Ben Howard,"Everything",0.514,0.261,3,-16.402,1,0.0498,0.724,0.00194,0.0469,0.346,141.393,285507,4
248,3CRJORXJpagbUMYZuj2lwX,Tom Odell,"Jubilee Road",0.457,0.261,6,-8.913,1,0.0485,0.716,0,0.0829,0.185,80.117,313259,4
249,4ZUUXUKXWc7YQuUY53Tfwx,Stephen Sanchez,"Kayla",0.432,0.26,8,-8.666,1,0.0278,0.851,0.0000041,0.115,0.299,137.977,175813,4
250,3rm4a3WFvyx71gXPGXsrsd,Emily James,"that'd be alright",0.664,0.258,10,-13.076,1,0.0296,0.824,0.0000729,0.0941,0.439,128.933,178440,4
251,5063zWIUKknkMJ7D9GbGSG,Jordy Searcy,"I Think It’s You",0.475,0.258,7,-9.031,1,0.0326,0.875,0.0000184,0.147,0.223,124.273,217267,4
252,2HnqhhoVPWwIxnpdSKfyGA,Passenger,"Catch in the Dark",0.517,0.256,1,-12.342,1,0.0346,0.586,0.0000187,0.101,0.251,109.458,208906,4
253,2cVBRjkwEdb4m5umqm10MD,Emily James,"New Name to Heartbreak",0.504,0.251,1,-9.874,0,0.0289,0.94,0.0000135,0.101,0.192,85.788,214720,4
254,7tjD0hvDyA9LecANtqIaEh,Ben Rector,"It Would Be You (Acoustic)",0.455,0.249,11,-9.603,1,0.0351,0.908,0.00000436,0.107,0.326,80.527,220133,4
255,7kr3xZk4yb3YSZ4VFtg2Qt,Billy Raffoul,"Acoustic",0.88,0.245,9,-10.245,1,0.446,0.785,0.0000319,0.0979,0.638,76.006,172200,4
256,47InLMACV8Tl2JgZL2tVPA,Emily James,"Who Would've Thought",0.583,0.245,9,-10.892,1,0.0326,0.914,0.0000708,0.122,0.182,130.011,236387,4
257,1xXSof69SqdGxJAdAIukRQ,Ben Rector,"Dream On",0.443,0.244,3,-9.541,1,0.0364,0.919,0,0.0836,0.373,79.142,163920,3
258,3WSfX5RhR8vln6IaaRFjq8,Passenger,"The Last Unicorn",0.616,0.239,3,-13.11,1,0.0333,0.876,0.0000773,0.12,0.532,91.689,182640,4
259,6k5o8YQhioUz54YY3CfcYB,Hazlett,"Mama's Boy",0.533,0.234,4,-14.511,1,0.0284,0.796,0.064,0.08,0.253,89.93,196924,4
260,0VONB1WEbtmatvlsmaPZKj,Jordy Searcy,"Rosalyn",0.48,0.231,8,-14.54,1,0.047,0.778,0,0.103,0.35,77.697,241080,4
261,2Ct8N1IDU0a9vakWJY7gFp,Riaan Benadé,"Nallies",0.703,0.229,9,-11.909,0,0.0328,0.687,0.00000717,0.0967,0.372,123.908,166187,4
262,6lTDzhs8J9mqHs4cShQFVO,Elina,"Wild Enough",0.501,0.229,11,-8.081,1,0.0728,0.891,0,0.148,0.286,80.876,186658,3
263,3zDSmvrJLefNhlhW14h5aM,Jordy Searcy,"Whisper",0.381,0.225,8,-9.646,1,0.0448,0.599,0,0.0783,0.313,89.134,242573,4
264,0Io5aNyPCvK31w1hffcTbC,Jordy Searcy,"Friendship?",0.571,0.224,4,-11.704,1,0.0646,0.696,0,0.103,0.506,108.526,220133,4
265,2CEEKREL8eUBhNvsafRAsb,Rhys Lewis,"Seasons",0.391,0.223,8,-15.361,1,0.0346,0.798,0.00000782,0.219,0.147,100.033,199867,4
266,5dlZWqrKiUY2xpCRFDcVLO,Emily James,"Bird of Prey",0.507,0.219,8,-12.283,1,0.0901,0.782,0.00000191,0.113,0.275,170.464,168213,4
267,4LDOieBPdFL4E8Z5raYuoq,The Paper Kites,"A Silent Cause",0.459,0.213,11,-15.839,1,0.0374,0.934,0.0242,0.112,0.383,88.897,263827,4
268,4I1MhYsQQ71wkE5DiCWw5T,Hazlett,"Stolen Seasons",0.663,0.212,10,-14.012,1,0.0265,0.833,0.204,0.116,0.32,97.998,181130,4
269,2Ak6HZreZATE3X1hxzGWVc,Andreas Moe,"Volcanoes",0.645,0.212,6,-11.621,1,0.0309,0.683,0,0.36,0.119,128.015,273440,4
270,1rEA1VSVUMpeKcBBG1Huaz,Passenger,"Restless Wind",0.286,0.197,1,-13.017,1,0.0286,0.543,0.000076,0.12,0.39,90.994,227333,4
271,7mMZ8mAtEWwx16VNKQKCtQ,The Paper Kites,"St. Clarity (Mahogany Sessions)",0.526,0.189,5,-11.372,0,0.035,0.854,0,0.367,0.27,96.949,152217,4
272,3OQmQTpwZBL3yTr5mCCvOH,Rhys Lewis,"July - Bedroom Session",0.578,0.185,11,-11.156,1,0.0412,0.959,0.00000212,0.0768,0.461,74.871,210720,4
273,2JAeS9tZjjAiJ2RHDfJMbo,Cody Fry,"Sailboat",0.332,0.173,10,-12.423,1,0.0304,0.661,0.00000517,0.142,0.323,173.126,236747,3
274,0y4zq960wgBj2gTdpshCZ1,Hazlett,"Cemetery",0.543,0.166,8,-15.36,1,0.0322,0.886,0.014,0.266,0.232,117.68,172305,4
275,4K9YS0nkXZMgV0F9JQoirx,Passenger,"Beautiful Birds (feat. Birdy)",0.313,0.166,2,-12.765,1,0.0304,0.906,0.00163,0.114,0.125,86.213,213707,4
276,0pipZCAXwFPd4efn3xU4x3,Jordy Searcy,"Jealousy",0.668,0.165,7,-12.91,1,0.0701,0.569,0.0000354,0.172,0.258,103.462,320733,4
277,6nmukSDAmw3XtbGKGD8056,Stephen Sanchez,"Because Of You",0.401,0.163,4,-10.94,1,0.0319,0.932,0,0.119,0.303,130.273,231413,3
278,0rM6Q9AmKWhCs1Yla9r3Pr,Passenger,"And I Love Her",0.658,0.158,5,-14.439,1,0.0376,0.894,0.0000106,0.116,0.224,116.853,162667,3
279,58J2it1iBwQ9QoEm1gelbD,Alex Aiono,"Unloving You - Acoustic Guitar Version",0.513,0.146,6,-12.106,1,0.0499,0.789,0,0.147,0.432,154.117,199665,4
280,30sxyKdIiwUIMDarYXO7F7,Emily James,"Down the Line",0.646,0.143,9,-13.38,1,0.0365,0.952,0.0000179,0.103,0.266,94.022,165000,4
281,7pwv8qF2fnu4Pbo43rd7i1,Jordy Searcy,"Explaining Jesus",0.422,0.143,5,-14.12,1,0.0334,0.808,0,0.112,0.189,108.951,231524,5
282,2lxBZVbkiCXC1soks2RXwV,Ben Rector,"Love Like This",0.637,0.14,2,-11.472,1,0.0407,0.903,0,0.107,0.392,139.78,214240,4
283,1FB6JEDsy3w5YTgg9d9zGw,Ben Rector,"Cliches (feat. Taylor Goldsmith)",0.561,0.139,8,-15.332,1,0.0353,0.875,0.0000261,0.107,0.486,89.768,222253,4
284,4kcnySwaXAKatz4c5U8MSI,Noah Reid,"Simply the Best (From Schitt's Creek)",0.441,0.138,11,-12.136,1,0.0352,0.93,0.00023,0.105,0.119,85.492,177919,4
285,0GZlSlTZdE43baosGAgQJa,The Paper Kites,"Too Late",0.604,0.135,9,-12.467,0,0.0279,0.689,0.0779,0.111,0.0792,102.971,373867,3
286,4ZnEY01lDD6wkuzAUPppx3,The National Parks,"You Are Gold",0.43,0.134,8,-13.504,1,0.0311,0.873,0.000349,0.113,0.163,107.92,216653,4
287,6H37tOnHZK67vNMN9Mjkgt,Jordy Searcy,"....",0.102,0.134,7,-26.51,1,0.0438,0.994,0.951,0.0533,0.0356,85.013,55240,3
288,7iTZBQ5kH8ZYDRNwF1OSmw,Hazlett,"Slow Running",0.536,0.133,2,-17.174,1,0.028,0.83,0.0671,0.111,0.0869,91.945,262206,4
289,3p8Kv8GcO4obTLPmsS459h,Stephen Sanchez,"Please Don't Go Home Yet",0.602,0.131,0,-10.587,1,0.0324,0.85,0,0.0817,0.269,98.412,214040,4
290,7Mxht6E0pDbEb8vyP76Amm,Hazlett,"Missionary Feelings",0.587,0.13,2,-13.234,1,0.0324,0.815,0.00115,0.0822,0.146,124.816,212298,4
291,18gbbV2VidYvGSblo3aGVt,The Paper Kites,"A Gathering On 57th",0.52,0.129,0,-15.577,1,0.0356,0.958,0.919,0.371,0.51,74.227,90973,3
292,5lalGRKfTwohXUhiNttBXn,Jordy Searcy,"Favorite Days",0.337,0.128,0,-13.633,1,0.0313,0.893,0.0000462,0.0827,0.433,83.026,312960,4
293,1dkdkugKNWnTtymesLcxGG,ISLAND,"Lilyflower",0.589,0.127,3,-13.227,1,0.0325,0.874,0.0002,0.138,0.262,102.581,202507,4
294,6NzO8H8HWe1hHaiZWiGpXH,Skott,"Overcome",0.278,0.126,0,-20.381,0,0.04,0.961,0.204,0.0837,0.0829,120.381,187746,4
295,1BYNqzIR1Pawhzx44YvXdw,Brooke Fraser,"Sailboats",0.456,0.125,7,-13.814,1,0.0335,0.884,0.000041,0.0935,0.213,132.575,198113,3
296,01LEUIGH4Mup0hV3gHNgx0,Emily James,"Dreaming",0.616,0.122,0,-12.345,1,0.034,0.956,0,0.122,0.0902,98.182,214088,4
297,5OnyAcESvyIfRG3MkstEAC,Jordy Searcy,"...",0.185,0.119,7,-27.131,1,0.0401,0.943,0.9,0.0987,0.307,189.952,42493,4
298,5MfSZLVieda0XEtoaMX0oj,Hazlett,"Blame The Moon",0.507,0.114,10,-15.364,1,0.0305,0.815,0.00394,0.0682,0.0565,74.905,223724,4
299,2E0Lr1ecydv5MjTYYM0WhN,Stephen Sanchez,"Easy On My Eyes",0.501,0.105,7,-13.042,1,0.041,0.948,0,0.0875,0.203,122.334,238173,4
300,3SIuy1JW4rjGPjX2UA8bYK,Emily James,"For an Evening",0.469,0.105,0,-12.118,1,0.05,0.968,0.00015,0.132,0.184,163.301,255667,4
301,0B4oP0rG4y7oxugGDNNw78,Mountains of the Moon,"Bayou",0.344,0.0971,10,-16.212,0,0.0341,0.892,0.024,0.0875,0.0985,157.888,443999,3
302,48ce9gtBjXhq73lTBLM09x,Ben Rector,"Extraordinary Magic",0.506,0.0864,11,-14.38,1,0.0404,0.849,0,0.135,0.463,107.214,173040,3
303,61CVlBAPN1rIJdJdpU2MHx,Wild Rivers,"Mayday",0.346,0.0862,5,-14.555,1,0.0339,0.959,0.0000268,0.11,0.0821,90.881,160083,5
304,4oVwdsQwrZAivpVy5paqL2,The Paper Kites,"Neon Crimson",0.334,0.0844,2,-18.308,0,0.0372,0.97,0.0166,0.106,0.209,82.727,263307,4
305,6FRSh751lnqS0JGHRg8Dol,Jordy Searcy,"Loved Loving You",0.538,0.0805,4,-11.719,1,0.0422,0.818,0,0.0845,0.39,140.955,192720,4
306,2eOYPlzlcyxjWkNlpz8Hyv,The National Parks,"Don't Go My Darlin'",0.465,0.0557,11,-14.434,1,0.0376,0.696,0.00000103,0.103,0.104,110.638,277733,3
307,6Vp0ofQMO9LY8EJOwokZq2,Ben Rector,"Forever Like That - Live",0.589,0.0441,8,-17.108,1,0.062,0.87,0,0.7,0.31,106.492,272853,3
308,2cXcizftGUHRwgDgXLSHVb,The Lumineers,"Boots Of Spanish Leather",0.58,0.0257,11,-16.587,1,0.0443,0.909,0.00000113,0.111,0.261,100.513,281227,4
309,0XwrsfUtf47y3z1kS81Hql,The Paper Kites,"Does it Ever Cross Your Mind",0.408,0.016,4,-19.054,1,0.0418,0.937,0.0168,0.112,0.245,124.316,163640,4
