trackId                  ,name                                   ,danceability ,energy ,key ,loudness ,mode ,speechiness ,acousticness ,instrumentalness ,liveness ,valence ,tempo   ,type             ,id                       ,uri                                    ,track_href                                                 ,analysis_url                                                       ,duration_ms ,time_signature
"04JhvPreqxWlAV5SdK4mNo" ,"Don't Keep Driving"                   ,       0.35  ,0.499  ,  6 ,-6.832   ,   1 ,     0.0289 ,    0.352    ,      0.758      ,  0.127  , 0.115  ,113.618 ,"audio_features" ,"04JhvPreqxWlAV5SdK4mNo" ,"spotify:track:04JhvPreqxWlAV5SdK4mNo" ,"https://api.spotify.com/v1/tracks/04JhvPreqxWlAV5SdK4mNo" ,"https://api.spotify.com/v1/audio-analysis/04JhvPreqxWlAV5SdK4mNo" ,     320827 ,             4
"05tKse2mbMxPPDqJDPunMD" ,"Fly Away With Me"                     ,       0.734 ,0.804  , 10 ,-7.946   ,   1 ,     0.0811 ,    0.264    ,      0          ,  0.0555 , 0.746  ,165.995 ,"audio_features" ,"05tKse2mbMxPPDqJDPunMD" ,"spotify:track:05tKse2mbMxPPDqJDPunMD" ,"https://api.spotify.com/v1/tracks/05tKse2mbMxPPDqJDPunMD" ,"https://api.spotify.com/v1/audio-analysis/05tKse2mbMxPPDqJDPunMD" ,     201687 ,             4
"05u81UgU27g8uL5twJ7ABz" ,"Raincoat - Loote Remix"               ,       0.421 ,0.499  ,  5 ,-8.869   ,   1 ,     0.173  ,    0.61     ,      0          ,  0.0875 , 0.297  , 78.621 ,"audio_features" ,"05u81UgU27g8uL5twJ7ABz" ,"spotify:track:05u81UgU27g8uL5twJ7ABz" ,"https://api.spotify.com/v1/tracks/05u81UgU27g8uL5twJ7ABz" ,"https://api.spotify.com/v1/audio-analysis/05u81UgU27g8uL5twJ7ABz" ,     211733 ,             4
"07m8PuXxxv5J4qPEDq6ZkK" ,"Brand New"                            ,       0.555 ,0.934  ,  9 ,-5.04    ,   1 ,     0.113  ,    0.00268  ,      0          ,  0.122  , 0.422  ,144.874 ,"audio_features" ,"07m8PuXxxv5J4qPEDq6ZkK" ,"spotify:track:07m8PuXxxv5J4qPEDq6ZkK" ,"https://api.spotify.com/v1/tracks/07m8PuXxxv5J4qPEDq6ZkK" ,"https://api.spotify.com/v1/audio-analysis/07m8PuXxxv5J4qPEDq6ZkK" ,     243933 ,             4
"07m8PuXxxv5J4qPEDq6ZkK" ,"Brand New"                            ,       0.555 ,0.934  ,  9 ,-5.04    ,   1 ,     0.113  ,    0.00268  ,      0          ,  0.122  , 0.422  ,144.874 ,"audio_features" ,"07m8PuXxxv5J4qPEDq6ZkK" ,"spotify:track:07m8PuXxxv5J4qPEDq6ZkK" ,"https://api.spotify.com/v1/tracks/07m8PuXxxv5J4qPEDq6ZkK" ,"https://api.spotify.com/v1/audio-analysis/07m8PuXxxv5J4qPEDq6ZkK" ,     243933 ,             4
"0bYDebBlQxsDR4hCgbbpOW" ,"I'm Gonna Find Another You"           ,       0.511 ,0.34   ,  9 ,-9.928   ,   1 ,     0.0299 ,    0.821    ,      0.00876    ,  0.0763 , 0.269  , 75.328 ,"audio_features" ,"0bYDebBlQxsDR4hCgbbpOW" ,"spotify:track:0bYDebBlQxsDR4hCgbbpOW" ,"https://api.spotify.com/v1/tracks/0bYDebBlQxsDR4hCgbbpOW" ,"https://api.spotify.com/v1/audio-analysis/0bYDebBlQxsDR4hCgbbpOW" ,     163027 ,             3
"0CKPLoYW0nsAnjnr00HRWV" ,"I'm Not A Saint"                      ,       0.748 ,0.758  , 10 ,-5.82    ,   0 ,     0.0726 ,    0.0961   ,      0.000161   ,  0.212  , 0.672  ,127.979 ,"audio_features" ,"0CKPLoYW0nsAnjnr00HRWV" ,"spotify:track:0CKPLoYW0nsAnjnr00HRWV" ,"https://api.spotify.com/v1/tracks/0CKPLoYW0nsAnjnr00HRWV" ,"https://api.spotify.com/v1/audio-analysis/0CKPLoYW0nsAnjnr00HRWV" ,     195166 ,             4
"0hNOP5epEjX8Zj5aSGr6JU" ,"Waves"                                ,       0.517 ,0.762  , 11 ,-5.806   ,   0 ,     0.0454 ,    0.161    ,      0          ,  0.0897 , 0.351  ,156.928 ,"audio_features" ,"0hNOP5epEjX8Zj5aSGr6JU" ,"spotify:track:0hNOP5epEjX8Zj5aSGr6JU" ,"https://api.spotify.com/v1/tracks/0hNOP5epEjX8Zj5aSGr6JU" ,"https://api.spotify.com/v1/audio-analysis/0hNOP5epEjX8Zj5aSGr6JU" ,     241292 ,             4
"0Io5aNyPCvK31w1hffcTbC" ,"Friendship?"                          ,       0.571 ,0.224  ,  4 ,-11.704  ,   1 ,     0.0646 ,    0.696    ,      0          ,  0.103  , 0.506  ,108.526 ,"audio_features" ,"0Io5aNyPCvK31w1hffcTbC" ,"spotify:track:0Io5aNyPCvK31w1hffcTbC" ,"https://api.spotify.com/v1/tracks/0Io5aNyPCvK31w1hffcTbC" ,"https://api.spotify.com/v1/audio-analysis/0Io5aNyPCvK31w1hffcTbC" ,     220133 ,             4
"0iULaBlXOJFxqXPWDE325p" ,"Just That Time of the Night"          ,       0.415 ,0.454  , 11 ,-6.58    ,   1 ,     0.025  ,    0.0636   ,      0.00257    ,  0.107  , 0.191  , 66.39  ,"audio_features" ,"0iULaBlXOJFxqXPWDE325p" ,"spotify:track:0iULaBlXOJFxqXPWDE325p" ,"https://api.spotify.com/v1/tracks/0iULaBlXOJFxqXPWDE325p" ,"https://api.spotify.com/v1/audio-analysis/0iULaBlXOJFxqXPWDE325p" ,     260101 ,             4
"0JXmh947In51NEtBgQyud4" ,"Jenny - Live in Nashville, 2017"      ,       0.59  ,0.341  ,  1 ,-10.332  ,   1 ,     0.0653 ,    0.324    ,      0          ,  0.117  , 0.508  , 91.348 ,"audio_features" ,"0JXmh947In51NEtBgQyud4" ,"spotify:track:0JXmh947In51NEtBgQyud4" ,"https://api.spotify.com/v1/tracks/0JXmh947In51NEtBgQyud4" ,"https://api.spotify.com/v1/audio-analysis/0JXmh947In51NEtBgQyud4" ,     266405 ,             4
"0pipZCAXwFPd4efn3xU4x3" ,"Jealousy"                             ,       0.668 ,0.165  ,  7 ,-12.91   ,   1 ,     0.0701 ,    0.569    ,      0.0000354  ,  0.172  , 0.258  ,103.462 ,"audio_features" ,"0pipZCAXwFPd4efn3xU4x3" ,"spotify:track:0pipZCAXwFPd4efn3xU4x3" ,"https://api.spotify.com/v1/tracks/0pipZCAXwFPd4efn3xU4x3" ,"https://api.spotify.com/v1/audio-analysis/0pipZCAXwFPd4efn3xU4x3" ,     320733 ,             4
"0qDG9MjRZISlT31enV6xOA" ,"Let the Good Times Roll"              ,       0.644 ,0.757  ,  0 ,-4.773   ,   1 ,     0.0367 ,    0.166    ,      0          ,  0.943  , 0.501  ,112.056 ,"audio_features" ,"0qDG9MjRZISlT31enV6xOA" ,"spotify:track:0qDG9MjRZISlT31enV6xOA" ,"https://api.spotify.com/v1/tracks/0qDG9MjRZISlT31enV6xOA" ,"https://api.spotify.com/v1/audio-analysis/0qDG9MjRZISlT31enV6xOA" ,     189360 ,             4
"0VONB1WEbtmatvlsmaPZKj" ,"Rosalyn"                              ,       0.48  ,0.231  ,  8 ,-14.54   ,   1 ,     0.047  ,    0.778    ,      0          ,  0.103  , 0.35   , 77.697 ,"audio_features" ,"0VONB1WEbtmatvlsmaPZKj" ,"spotify:track:0VONB1WEbtmatvlsmaPZKj" ,"https://api.spotify.com/v1/tracks/0VONB1WEbtmatvlsmaPZKj" ,"https://api.spotify.com/v1/audio-analysis/0VONB1WEbtmatvlsmaPZKj" ,     241080 ,             4
"0XwrsfUtf47y3z1kS81Hql" ,"Does it Ever Cross Your Mind"         ,       0.408 ,0.016  ,  4 ,-19.054  ,   1 ,     0.0418 ,    0.937    ,      0.0168     ,  0.112  , 0.245  ,124.316 ,"audio_features" ,"0XwrsfUtf47y3z1kS81Hql" ,"spotify:track:0XwrsfUtf47y3z1kS81Hql" ,"https://api.spotify.com/v1/tracks/0XwrsfUtf47y3z1kS81Hql" ,"https://api.spotify.com/v1/audio-analysis/0XwrsfUtf47y3z1kS81Hql" ,     163640 ,             4
"0z3cJsLM4vvmdZJ8lulR5t" ,"Something Perfect"                    ,       0.554 ,0.759  , 11 ,-6.331   ,   0 ,     0.0339 ,    0.000828 ,      0.00648    ,  0.0775 , 0.321  ,115.028 ,"audio_features" ,"0z3cJsLM4vvmdZJ8lulR5t" ,"spotify:track:0z3cJsLM4vvmdZJ8lulR5t" ,"https://api.spotify.com/v1/tracks/0z3cJsLM4vvmdZJ8lulR5t" ,"https://api.spotify.com/v1/audio-analysis/0z3cJsLM4vvmdZJ8lulR5t" ,     190240 ,             4
"12rcsuv4QgpfAGlYaYj43c" ,"We Can Go Anywhere"                   ,       0.371 ,0.682  ,  9 ,-5.396   ,   1 ,     0.0313 ,    0.122    ,      0.00967    ,  0.0857 , 0.322  ,127.292 ,"audio_features" ,"12rcsuv4QgpfAGlYaYj43c" ,"spotify:track:12rcsuv4QgpfAGlYaYj43c" ,"https://api.spotify.com/v1/tracks/12rcsuv4QgpfAGlYaYj43c" ,"https://api.spotify.com/v1/audio-analysis/12rcsuv4QgpfAGlYaYj43c" ,     375107 ,             4
"14uhiVl5NwPDCmlRUgo4l6" ,"Love & War in Your Twenties"          ,       0.736 ,0.525  ,  2 ,-9.694   ,   1 ,     0.0296 ,    0.22     ,      0.00153    ,  0.127  , 0.529  ,102.986 ,"audio_features" ,"14uhiVl5NwPDCmlRUgo4l6" ,"spotify:track:14uhiVl5NwPDCmlRUgo4l6" ,"https://api.spotify.com/v1/tracks/14uhiVl5NwPDCmlRUgo4l6" ,"https://api.spotify.com/v1/audio-analysis/14uhiVl5NwPDCmlRUgo4l6" ,     250547 ,             4
"18gbbV2VidYvGSblo3aGVt" ,"A Gathering On 57th"                  ,       0.52  ,0.129  ,  0 ,-15.577  ,   1 ,     0.0356 ,    0.958    ,      0.919      ,  0.371  , 0.51   , 74.227 ,"audio_features" ,"18gbbV2VidYvGSblo3aGVt" ,"spotify:track:18gbbV2VidYvGSblo3aGVt" ,"https://api.spotify.com/v1/tracks/18gbbV2VidYvGSblo3aGVt" ,"https://api.spotify.com/v1/audio-analysis/18gbbV2VidYvGSblo3aGVt" ,      90973 ,             3
"1BrU8tQjSCR2kEkouF0ldN" ,"Horizon"                              ,       0.492 ,0.655  ,  2 ,-8.195   ,   1 ,     0.0293 ,    0.0838   ,      0.388      ,  0.126  , 0.409  , 94.309 ,"audio_features" ,"1BrU8tQjSCR2kEkouF0ldN" ,"spotify:track:1BrU8tQjSCR2kEkouF0ldN" ,"https://api.spotify.com/v1/tracks/1BrU8tQjSCR2kEkouF0ldN" ,"https://api.spotify.com/v1/audio-analysis/1BrU8tQjSCR2kEkouF0ldN" ,     193493 ,             4
"1dkdkugKNWnTtymesLcxGG" ,"Lilyflower"                           ,       0.589 ,0.127  ,  3 ,-13.227  ,   1 ,     0.0325 ,    0.874    ,      0.0002     ,  0.138  , 0.262  ,102.581 ,"audio_features" ,"1dkdkugKNWnTtymesLcxGG" ,"spotify:track:1dkdkugKNWnTtymesLcxGG" ,"https://api.spotify.com/v1/tracks/1dkdkugKNWnTtymesLcxGG" ,"https://api.spotify.com/v1/audio-analysis/1dkdkugKNWnTtymesLcxGG" ,     202507 ,             4
"1DQzw4dCdY5iGnOPNHEoPz" ,"She"                                  ,       0.505 ,0.81   ,  6 ,-5.759   ,   1 ,     0.0317 ,    0.0026   ,      0.0522     ,  0.084  , 0.244  , 93.462 ,"audio_features" ,"1DQzw4dCdY5iGnOPNHEoPz" ,"spotify:track:1DQzw4dCdY5iGnOPNHEoPz" ,"https://api.spotify.com/v1/tracks/1DQzw4dCdY5iGnOPNHEoPz" ,"https://api.spotify.com/v1/audio-analysis/1DQzw4dCdY5iGnOPNHEoPz" ,     242550 ,             4
"1GgoypuXSxpTKOxEYiZ3JJ" ,"Drive"                                ,       0.567 ,0.862  ,  2 ,-4.073   ,   1 ,     0.0384 ,    0.0131   ,      0          ,  0.0608 , 0.61   ,126.066 ,"audio_features" ,"1GgoypuXSxpTKOxEYiZ3JJ" ,"spotify:track:1GgoypuXSxpTKOxEYiZ3JJ" ,"https://api.spotify.com/v1/tracks/1GgoypuXSxpTKOxEYiZ3JJ" ,"https://api.spotify.com/v1/audio-analysis/1GgoypuXSxpTKOxEYiZ3JJ" ,     197387 ,             4
"1xgT3Hn05j9ypY3lNuCfqc" ,"Into the Woods"                       ,       0.553 ,0.437  ,  0 ,-10.041  ,   1 ,     0.0325 ,    0.523    ,      0.000131   ,  0.051  , 0.104  ,121.063 ,"audio_features" ,"1xgT3Hn05j9ypY3lNuCfqc" ,"spotify:track:1xgT3Hn05j9ypY3lNuCfqc" ,"https://api.spotify.com/v1/tracks/1xgT3Hn05j9ypY3lNuCfqc" ,"https://api.spotify.com/v1/audio-analysis/1xgT3Hn05j9ypY3lNuCfqc" ,     262053 ,             4
"1XZeBXHGMqYVvVqeBe2QoS" ,"All in My Head"                       ,       0.391 ,0.803  ,  9 ,-5.16    ,   0 ,     0.0452 ,    0.026    ,      0.0407     ,  0.335  , 0.166  ,139.723 ,"audio_features" ,"1XZeBXHGMqYVvVqeBe2QoS" ,"spotify:track:1XZeBXHGMqYVvVqeBe2QoS" ,"https://api.spotify.com/v1/tracks/1XZeBXHGMqYVvVqeBe2QoS" ,"https://api.spotify.com/v1/audio-analysis/1XZeBXHGMqYVvVqeBe2QoS" ,     264850 ,             4
"1zlgJFFI9jNGVFeAMOIoxt" ,"Red Light"                            ,       0.56  ,0.578  ,  3 ,-6.674   ,   0 ,     0.0235 ,    0.0724   ,      0.428      ,  0.167  , 0.239  , 97.99  ,"audio_features" ,"1zlgJFFI9jNGVFeAMOIoxt" ,"spotify:track:1zlgJFFI9jNGVFeAMOIoxt" ,"https://api.spotify.com/v1/tracks/1zlgJFFI9jNGVFeAMOIoxt" ,"https://api.spotify.com/v1/audio-analysis/1zlgJFFI9jNGVFeAMOIoxt" ,     325000 ,             4
"27BrerRuQ8H2nqXuiKtBah" ,"The Day I Die"                        ,       0.643 ,0.542  ,  6 ,-6.11    ,   0 ,     0.0291 ,    0.0363   ,      0.000183   ,  0.0553 , 0.64   ,132.164 ,"audio_features" ,"27BrerRuQ8H2nqXuiKtBah" ,"spotify:track:27BrerRuQ8H2nqXuiKtBah" ,"https://api.spotify.com/v1/tracks/27BrerRuQ8H2nqXuiKtBah" ,"https://api.spotify.com/v1/audio-analysis/27BrerRuQ8H2nqXuiKtBah" ,     202960 ,             4
"2BkyYZmU4JuWW2sYi9EzpC" ,"7 Minutes"                            ,       0.614 ,0.739  , 10 ,-6.478   ,   1 ,     0.0314 ,    0.526    ,      0          ,  0.149  , 0.711  ,104.955 ,"audio_features" ,"2BkyYZmU4JuWW2sYi9EzpC" ,"spotify:track:2BkyYZmU4JuWW2sYi9EzpC" ,"https://api.spotify.com/v1/tracks/2BkyYZmU4JuWW2sYi9EzpC" ,"https://api.spotify.com/v1/audio-analysis/2BkyYZmU4JuWW2sYi9EzpC" ,     211453 ,             4
"2BVxCW4Yry9SaMVETrybRR" ,"God Forgive"                          ,       0.434 ,0.789  ,  2 ,-5.275   ,   1 ,     0.0421 ,    0.0928   ,      0.00368    ,  0.117  , 0.371  ,119.097 ,"audio_features" ,"2BVxCW4Yry9SaMVETrybRR" ,"spotify:track:2BVxCW4Yry9SaMVETrybRR" ,"https://api.spotify.com/v1/tracks/2BVxCW4Yry9SaMVETrybRR" ,"https://api.spotify.com/v1/audio-analysis/2BVxCW4Yry9SaMVETrybRR" ,     278360 ,             4
"2jdAk8ATWIL3dwT47XpRfu" ,"Slow Dancing in a Burning Room"       ,       0.667 ,0.361  ,  1 ,-8.69    ,   0 ,     0.0273 ,    0.575    ,      0.00506    ,  0.0805 , 0.29   ,134.018 ,"audio_features" ,"2jdAk8ATWIL3dwT47XpRfu" ,"spotify:track:2jdAk8ATWIL3dwT47XpRfu" ,"https://api.spotify.com/v1/tracks/2jdAk8ATWIL3dwT47XpRfu" ,"https://api.spotify.com/v1/audio-analysis/2jdAk8ATWIL3dwT47XpRfu" ,     242000 ,             5
"2K28PAjVBhB6jOUVyj7PLT" ,"When It Hurts You"                    ,       0.578 ,0.797  ,  2 ,-4.854   ,   1 ,     0.0305 ,    0.332    ,      0.0456     ,  0.274  , 0.406  ,100.995 ,"audio_features" ,"2K28PAjVBhB6jOUVyj7PLT" ,"spotify:track:2K28PAjVBhB6jOUVyj7PLT" ,"https://api.spotify.com/v1/tracks/2K28PAjVBhB6jOUVyj7PLT" ,"https://api.spotify.com/v1/audio-analysis/2K28PAjVBhB6jOUVyj7PLT" ,     293360 ,             4
"2lxBZVbkiCXC1soks2RXwV" ,"Love Like This"                       ,       0.637 ,0.14   ,  2 ,-11.472  ,   1 ,     0.0407 ,    0.903    ,      0          ,  0.107  , 0.392  ,139.78  ,"audio_features" ,"2lxBZVbkiCXC1soks2RXwV" ,"spotify:track:2lxBZVbkiCXC1soks2RXwV" ,"https://api.spotify.com/v1/tracks/2lxBZVbkiCXC1soks2RXwV" ,"https://api.spotify.com/v1/audio-analysis/2lxBZVbkiCXC1soks2RXwV" ,     214240 ,             4
"2msdr19RehOAL1RTTRwfCg" ,"Wellington"                           ,       0.617 ,0.85   ,  4 ,-4.643   ,   1 ,     0.0512 ,    0.0358   ,      0          ,  0.273  , 0.442  ,120.022 ,"audio_features" ,"2msdr19RehOAL1RTTRwfCg" ,"spotify:track:2msdr19RehOAL1RTTRwfCg" ,"https://api.spotify.com/v1/tracks/2msdr19RehOAL1RTTRwfCg" ,"https://api.spotify.com/v1/audio-analysis/2msdr19RehOAL1RTTRwfCg" ,     211123 ,             4
"2rBIC9Uc5qZeBjJvWulFTN" ,"Fire"                                 ,       0.655 ,0.424  ,  9 ,-9.389   ,   1 ,     0.029  ,    0.676    ,      0.0114     ,  0.0994 , 0.666  ,144.047 ,"audio_features" ,"2rBIC9Uc5qZeBjJvWulFTN" ,"spotify:track:2rBIC9Uc5qZeBjJvWulFTN" ,"https://api.spotify.com/v1/tracks/2rBIC9Uc5qZeBjJvWulFTN" ,"https://api.spotify.com/v1/audio-analysis/2rBIC9Uc5qZeBjJvWulFTN" ,     189600 ,             4
"2smpiAZfaN0GFi15MqAq6E" ,"Stay Awake"                           ,       0.723 ,0.83   , 11 ,-7.123   ,   0 ,     0.0454 ,    0.334    ,      0.0000423  ,  0.0931 , 0.582  ,106.027 ,"audio_features" ,"2smpiAZfaN0GFi15MqAq6E" ,"spotify:track:2smpiAZfaN0GFi15MqAq6E" ,"https://api.spotify.com/v1/tracks/2smpiAZfaN0GFi15MqAq6E" ,"https://api.spotify.com/v1/audio-analysis/2smpiAZfaN0GFi15MqAq6E" ,     185400 ,             4
"35RrDnREM1xxx4YBxDHikm" ,"I Will Always Be Yours"               ,       0.444 ,0.771  ,  0 ,-4.607   ,   1 ,     0.0485 ,    0.13     ,      0          ,  0.273  , 0.45   ,148.028 ,"audio_features" ,"35RrDnREM1xxx4YBxDHikm" ,"spotify:track:35RrDnREM1xxx4YBxDHikm" ,"https://api.spotify.com/v1/tracks/35RrDnREM1xxx4YBxDHikm" ,"https://api.spotify.com/v1/audio-analysis/35RrDnREM1xxx4YBxDHikm" ,     226827 ,             4
"37kLxS3IntmCnoE4a5XMKy" ,"Growing Up"                           ,       0.756 ,0.568  , 11 ,-7.847   ,   1 ,     0.0265 ,    0.212    ,      0.0000355  ,  0.181  , 0.667  ,114.976 ,"audio_features" ,"37kLxS3IntmCnoE4a5XMKy" ,"spotify:track:37kLxS3IntmCnoE4a5XMKy" ,"https://api.spotify.com/v1/tracks/37kLxS3IntmCnoE4a5XMKy" ,"https://api.spotify.com/v1/audio-analysis/37kLxS3IntmCnoE4a5XMKy" ,     189931 ,             4
"3brmDf3GLNsiWxJobTCn4a" ,"Never Let Me Go"                      ,       0.459 ,0.727  ,  9 ,-3.24    ,   1 ,     0.0359 ,    0.297    ,      0.0000103  ,  0.38   , 0.263  ,145.093 ,"audio_features" ,"3brmDf3GLNsiWxJobTCn4a" ,"spotify:track:3brmDf3GLNsiWxJobTCn4a" ,"https://api.spotify.com/v1/tracks/3brmDf3GLNsiWxJobTCn4a" ,"https://api.spotify.com/v1/audio-analysis/3brmDf3GLNsiWxJobTCn4a" ,     271377 ,             4
"3CN9WtSBqCI6TXne9XNomb" ,"Gloria"                               ,       0.523 ,0.714  , 11 ,-6.021   ,   1 ,     0.0367 ,    0.658    ,      0.0000052  ,  0.0785 , 0.659  , 78.211 ,"audio_features" ,"3CN9WtSBqCI6TXne9XNomb" ,"spotify:track:3CN9WtSBqCI6TXne9XNomb" ,"https://api.spotify.com/v1/tracks/3CN9WtSBqCI6TXne9XNomb" ,"https://api.spotify.com/v1/audio-analysis/3CN9WtSBqCI6TXne9XNomb" ,     216120 ,             4
"3CRJORXJpagbUMYZuj2lwX" ,"Jubilee Road"                         ,       0.457 ,0.261  ,  6 ,-8.913   ,   1 ,     0.0485 ,    0.716    ,      0          ,  0.0829 , 0.185  , 80.117 ,"audio_features" ,"3CRJORXJpagbUMYZuj2lwX" ,"spotify:track:3CRJORXJpagbUMYZuj2lwX" ,"https://api.spotify.com/v1/tracks/3CRJORXJpagbUMYZuj2lwX" ,"https://api.spotify.com/v1/audio-analysis/3CRJORXJpagbUMYZuj2lwX" ,     313259 ,             4
"3dEFa9KjOLEZl980ctEEv1" ,"Ship To Wreck"                        ,       0.564 ,0.923  ,  9 ,-3.843   ,   0 ,     0.0325 ,    0.00147  ,      0          ,  0.277  , 0.587  ,141.991 ,"audio_features" ,"3dEFa9KjOLEZl980ctEEv1" ,"spotify:track:3dEFa9KjOLEZl980ctEEv1" ,"https://api.spotify.com/v1/tracks/3dEFa9KjOLEZl980ctEEv1" ,"https://api.spotify.com/v1/audio-analysis/3dEFa9KjOLEZl980ctEEv1" ,     234526 ,             4
"3pVfjLi9msLtXG1h5yNn4d" ,"Dark in the City"                     ,       0.635 ,0.642  ,  7 ,-7.789   ,   1 ,     0.0356 ,    0.158    ,      0.000064   ,  0.223  , 0.39   , 93.245 ,"audio_features" ,"3pVfjLi9msLtXG1h5yNn4d" ,"spotify:track:3pVfjLi9msLtXG1h5yNn4d" ,"https://api.spotify.com/v1/tracks/3pVfjLi9msLtXG1h5yNn4d" ,"https://api.spotify.com/v1/audio-analysis/3pVfjLi9msLtXG1h5yNn4d" ,     212269 ,             4
"3SktMqZmo3M9zbB7oKMIF7" ,"Gravity"                              ,       0.753 ,0.326  ,  7 ,-9.883   ,   1 ,     0.0342 ,    0.731    ,      0.00131    ,  0.24   , 0.237  ,123.799 ,"audio_features" ,"3SktMqZmo3M9zbB7oKMIF7" ,"spotify:track:3SktMqZmo3M9zbB7oKMIF7" ,"https://api.spotify.com/v1/tracks/3SktMqZmo3M9zbB7oKMIF7" ,"https://api.spotify.com/v1/audio-analysis/3SktMqZmo3M9zbB7oKMIF7" ,     245827 ,             3
"3sz2roCk5tyGeMhHftbJye" ,"All Night"                            ,       0.579 ,0.34   ,  4 ,-11.059  ,   1 ,     0.048  ,    0.888    ,      0.00492    ,  0.43   , 0.364  , 92.975 ,"audio_features" ,"3sz2roCk5tyGeMhHftbJye" ,"spotify:track:3sz2roCk5tyGeMhHftbJye" ,"https://api.spotify.com/v1/tracks/3sz2roCk5tyGeMhHftbJye" ,"https://api.spotify.com/v1/audio-analysis/3sz2roCk5tyGeMhHftbJye" ,     202773 ,             4
"3tbJoFjD9ea2TRMsbf0z0H" ,"Stay the Winter"                      ,       0.723 ,0.639  ,  7 ,-7.422   ,   1 ,     0.0412 ,    0.112    ,      0          ,  0.517  , 0.686  ,120.028 ,"audio_features" ,"3tbJoFjD9ea2TRMsbf0z0H" ,"spotify:track:3tbJoFjD9ea2TRMsbf0z0H" ,"https://api.spotify.com/v1/tracks/3tbJoFjD9ea2TRMsbf0z0H" ,"https://api.spotify.com/v1/audio-analysis/3tbJoFjD9ea2TRMsbf0z0H" ,     179849 ,             4
"3tbJoFjD9ea2TRMsbf0z0H" ,"Stay the Winter"                      ,       0.723 ,0.639  ,  7 ,-7.422   ,   1 ,     0.0412 ,    0.112    ,      0          ,  0.517  , 0.686  ,120.028 ,"audio_features" ,"3tbJoFjD9ea2TRMsbf0z0H" ,"spotify:track:3tbJoFjD9ea2TRMsbf0z0H" ,"https://api.spotify.com/v1/tracks/3tbJoFjD9ea2TRMsbf0z0H" ,"https://api.spotify.com/v1/audio-analysis/3tbJoFjD9ea2TRMsbf0z0H" ,     179849 ,             4
"3up9PVg6BatOruFRxi4oLY" ,"Rich"                                 ,       0.646 ,0.6    , 10 ,-9.06    ,   1 ,     0.031  ,    0.492    ,      0.000179   ,  0.196  , 0.667  ,103.987 ,"audio_features" ,"3up9PVg6BatOruFRxi4oLY" ,"spotify:track:3up9PVg6BatOruFRxi4oLY" ,"https://api.spotify.com/v1/tracks/3up9PVg6BatOruFRxi4oLY" ,"https://api.spotify.com/v1/audio-analysis/3up9PVg6BatOruFRxi4oLY" ,     184120 ,             4
"3uVEtIOcyE7rGAqcWJt95h" ,"Bruises"                              ,       0.746 ,0.322  ,  1 ,-7.922   ,   0 ,     0.0798 ,    0.944    ,      0          ,  0.197  , 0.321  ,110.774 ,"audio_features" ,"3uVEtIOcyE7rGAqcWJt95h" ,"spotify:track:3uVEtIOcyE7rGAqcWJt95h" ,"https://api.spotify.com/v1/tracks/3uVEtIOcyE7rGAqcWJt95h" ,"https://api.spotify.com/v1/audio-analysis/3uVEtIOcyE7rGAqcWJt95h" ,     220200 ,             4
"3yXeVwlkiat9lJmU3gWNU3" ,"Interlude"                            ,       0.418 ,0.285  ,  2 ,-12.143  ,   1 ,     0.03   ,    0.628    ,      0.38       ,  0.34   , 0.21   ,127.332 ,"audio_features" ,"3yXeVwlkiat9lJmU3gWNU3" ,"spotify:track:3yXeVwlkiat9lJmU3gWNU3" ,"https://api.spotify.com/v1/tracks/3yXeVwlkiat9lJmU3gWNU3" ,"https://api.spotify.com/v1/audio-analysis/3yXeVwlkiat9lJmU3gWNU3" ,     138467 ,             4
"3ZUPnClu1aKF2Fmt7cFsLP" ,"Mess We Made"                         ,       0.482 ,0.58   ,  6 ,-6.535   ,   0 ,     0.0354 ,    0.398    ,      0.0757     ,  0.106  , 0.299  ,110.633 ,"audio_features" ,"3ZUPnClu1aKF2Fmt7cFsLP" ,"spotify:track:3ZUPnClu1aKF2Fmt7cFsLP" ,"https://api.spotify.com/v1/tracks/3ZUPnClu1aKF2Fmt7cFsLP" ,"https://api.spotify.com/v1/audio-analysis/3ZUPnClu1aKF2Fmt7cFsLP" ,     312533 ,             5
"41Va4mcT3GyKVu6u6LoLJ6" ,"The Chase"                            ,       0.68  ,0.621  ,  8 ,-8.6     ,   1 ,     0.03   ,    0.00988  ,      0.0117     ,  0.107  , 0.358  ,135.012 ,"audio_features" ,"41Va4mcT3GyKVu6u6LoLJ6" ,"spotify:track:41Va4mcT3GyKVu6u6LoLJ6" ,"https://api.spotify.com/v1/tracks/41Va4mcT3GyKVu6u6LoLJ6" ,"https://api.spotify.com/v1/audio-analysis/41Va4mcT3GyKVu6u6LoLJ6" ,     240634 ,             4
"42bbDWZ8WmXTH7PkYAlGLu" ,"Hold My Girl"                         ,       0.614 ,0.527  , 10 ,-6.374   ,   1 ,     0.0302 ,    0.597    ,      0          ,  0.11   , 0.354  ,121.941 ,"audio_features" ,"42bbDWZ8WmXTH7PkYAlGLu" ,"spotify:track:42bbDWZ8WmXTH7PkYAlGLu" ,"https://api.spotify.com/v1/tracks/42bbDWZ8WmXTH7PkYAlGLu" ,"https://api.spotify.com/v1/audio-analysis/42bbDWZ8WmXTH7PkYAlGLu" ,     211764 ,             4
"48ce9gtBjXhq73lTBLM09x" ,"Extraordinary Magic"                  ,       0.506 ,0.0864 , 11 ,-14.38   ,   1 ,     0.0404 ,    0.849    ,      0          ,  0.135  , 0.463  ,107.214 ,"audio_features" ,"48ce9gtBjXhq73lTBLM09x" ,"spotify:track:48ce9gtBjXhq73lTBLM09x" ,"https://api.spotify.com/v1/tracks/48ce9gtBjXhq73lTBLM09x" ,"https://api.spotify.com/v1/audio-analysis/48ce9gtBjXhq73lTBLM09x" ,     173040 ,             3
"4BdGO1CaObRD4La9l5Zanz" ,"Sit Next to Me"                       ,       0.638 ,0.738  ,  6 ,-4.976   ,   0 ,     0.0292 ,    0.117    ,      0.000384   ,  0.689  , 0.657  , 97.021 ,"audio_features" ,"4BdGO1CaObRD4La9l5Zanz" ,"spotify:track:4BdGO1CaObRD4La9l5Zanz" ,"https://api.spotify.com/v1/tracks/4BdGO1CaObRD4La9l5Zanz" ,"https://api.spotify.com/v1/audio-analysis/4BdGO1CaObRD4La9l5Zanz" ,     243147 ,             4
"4BdGO1CaObRD4La9l5Zanz" ,"Sit Next to Me"                       ,       0.638 ,0.738  ,  6 ,-4.976   ,   0 ,     0.0292 ,    0.117    ,      0.000384   ,  0.689  , 0.657  , 97.021 ,"audio_features" ,"4BdGO1CaObRD4La9l5Zanz" ,"spotify:track:4BdGO1CaObRD4La9l5Zanz" ,"https://api.spotify.com/v1/tracks/4BdGO1CaObRD4La9l5Zanz" ,"https://api.spotify.com/v1/audio-analysis/4BdGO1CaObRD4La9l5Zanz" ,     243147 ,             4
"4BEI01RMjIuA2geFPZIVHS" ,"On the Corner Where You Live"         ,       0.512 ,0.854  ,  5 ,-5.887   ,   1 ,     0.0456 ,    0.00337  ,      0.44       ,  0.481  , 0.592  ,151.057 ,"audio_features" ,"4BEI01RMjIuA2geFPZIVHS" ,"spotify:track:4BEI01RMjIuA2geFPZIVHS" ,"https://api.spotify.com/v1/tracks/4BEI01RMjIuA2geFPZIVHS" ,"https://api.spotify.com/v1/audio-analysis/4BEI01RMjIuA2geFPZIVHS" ,     276480 ,             4
"4bsDH8p2my1U5QDMZpBxYT" ,"Flashes"                              ,       0.677 ,0.413  ,  8 ,-13.994  ,   1 ,     0.0269 ,    0.672    ,      0.502      ,  0.108  , 0.256  ,112.027 ,"audio_features" ,"4bsDH8p2my1U5QDMZpBxYT" ,"spotify:track:4bsDH8p2my1U5QDMZpBxYT" ,"https://api.spotify.com/v1/tracks/4bsDH8p2my1U5QDMZpBxYT" ,"https://api.spotify.com/v1/audio-analysis/4bsDH8p2my1U5QDMZpBxYT" ,     244600 ,             4
"4GvCKO2vlWeMpI46X8xQKK" ,"Someone You Loved"                    ,       0.501 ,0.405  ,  1 ,-5.679   ,   1 ,     0.032  ,    0.751    ,      0          ,  0.105  , 0.447  ,109.889 ,"audio_features" ,"4GvCKO2vlWeMpI46X8xQKK" ,"spotify:track:4GvCKO2vlWeMpI46X8xQKK" ,"https://api.spotify.com/v1/tracks/4GvCKO2vlWeMpI46X8xQKK" ,"https://api.spotify.com/v1/audio-analysis/4GvCKO2vlWeMpI46X8xQKK" ,     182173 ,             4
"4gXpkXmHvaktsmmA1TJ2nv" ,"Always/almost"                        ,       0.67  ,0.278  ,  4 ,-10.003  ,   0 ,     0.0407 ,    0.764    ,      0.00000789 ,  0.111  , 0.576  , 77.978 ,"audio_features" ,"4gXpkXmHvaktsmmA1TJ2nv" ,"spotify:track:4gXpkXmHvaktsmmA1TJ2nv" ,"https://api.spotify.com/v1/tracks/4gXpkXmHvaktsmmA1TJ2nv" ,"https://api.spotify.com/v1/audio-analysis/4gXpkXmHvaktsmmA1TJ2nv" ,     215983 ,             4
"4gYJWH66QxTo87XlVFtziu" ,"Try"                                  ,       0.63  ,0.669  ,  6 ,-7.591   ,   1 ,     0.0392 ,    0.331    ,      0.00175    ,  0.117  , 0.56   ,102.791 ,"audio_features" ,"4gYJWH66QxTo87XlVFtziu" ,"spotify:track:4gYJWH66QxTo87XlVFtziu" ,"https://api.spotify.com/v1/tracks/4gYJWH66QxTo87XlVFtziu" ,"https://api.spotify.com/v1/audio-analysis/4gYJWH66QxTo87XlVFtziu" ,     245947 ,             4
"4ltyZZtnOj9PtqOvDtOd4t" ,"Midtown Waitress"                     ,       0.57  ,0.47   ,  6 ,-11.091  ,   1 ,     0.0372 ,    0.369    ,      0.00598    ,  0.151  , 0.0958 , 90.963 ,"audio_features" ,"4ltyZZtnOj9PtqOvDtOd4t" ,"spotify:track:4ltyZZtnOj9PtqOvDtOd4t" ,"https://api.spotify.com/v1/tracks/4ltyZZtnOj9PtqOvDtOd4t" ,"https://api.spotify.com/v1/audio-analysis/4ltyZZtnOj9PtqOvDtOd4t" ,     318667 ,             4
"4qwjkpSiA4XZXNmk0Cmpfi" ,"Duo"                                  ,       0.703 ,0.708  , 11 ,-4.826   ,   1 ,     0.122  ,    0.0664   ,      0.00265    ,  0.214  , 0.739  , 80.139 ,"audio_features" ,"4qwjkpSiA4XZXNmk0Cmpfi" ,"spotify:track:4qwjkpSiA4XZXNmk0Cmpfi" ,"https://api.spotify.com/v1/tracks/4qwjkpSiA4XZXNmk0Cmpfi" ,"https://api.spotify.com/v1/audio-analysis/4qwjkpSiA4XZXNmk0Cmpfi" ,     202587 ,             4
"4RE3vueod5PL48rvHtuu9C" ,"Peer Pressure"                        ,       0.631 ,0.715  ,  1 ,-6.083   ,   0 ,     0.0277 ,    0.0299   ,      0          ,  0.122  , 0.42   ,135.826 ,"audio_features" ,"4RE3vueod5PL48rvHtuu9C" ,"spotify:track:4RE3vueod5PL48rvHtuu9C" ,"https://api.spotify.com/v1/tracks/4RE3vueod5PL48rvHtuu9C" ,"https://api.spotify.com/v1/audio-analysis/4RE3vueod5PL48rvHtuu9C" ,     176827 ,             4
"4S5LEWgXWQkqC2EEOmRCF9" ,"Life Keeps Moving On"                 ,       0.749 ,0.301  ,  9 ,-10.641  ,   1 ,     0.0471 ,    0.78     ,      0          ,  0.0923 , 0.301  ,115.968 ,"audio_features" ,"4S5LEWgXWQkqC2EEOmRCF9" ,"spotify:track:4S5LEWgXWQkqC2EEOmRCF9" ,"https://api.spotify.com/v1/tracks/4S5LEWgXWQkqC2EEOmRCF9" ,"https://api.spotify.com/v1/audio-analysis/4S5LEWgXWQkqC2EEOmRCF9" ,     196547 ,             4
"4VNu1KwwmGgHjImpQotEsn" ,"Straight Back Down"                   ,       0.671 ,0.628  ,  5 ,-7.114   ,   1 ,     0.0419 ,    0.294    ,      0          ,  0.062  , 0.466  ,114.887 ,"audio_features" ,"4VNu1KwwmGgHjImpQotEsn" ,"spotify:track:4VNu1KwwmGgHjImpQotEsn" ,"https://api.spotify.com/v1/tracks/4VNu1KwwmGgHjImpQotEsn" ,"https://api.spotify.com/v1/audio-analysis/4VNu1KwwmGgHjImpQotEsn" ,     205347 ,             4
"4YeUVRpVxaDx6zu6CtB01j" ,"When I'm With You"                    ,       0.434 ,0.805  ,  2 ,-6.211   ,   1 ,     0.0315 ,    0.00117  ,      0.00000317 ,  0.176  , 0.32   ,158.139 ,"audio_features" ,"4YeUVRpVxaDx6zu6CtB01j" ,"spotify:track:4YeUVRpVxaDx6zu6CtB01j" ,"https://api.spotify.com/v1/tracks/4YeUVRpVxaDx6zu6CtB01j" ,"https://api.spotify.com/v1/audio-analysis/4YeUVRpVxaDx6zu6CtB01j" ,     226133 ,             3
"55zgIXyhi8z6snmSx0iXQi" ,"Feels Like Air"                       ,       0.368 ,0.417  ,  2 ,-7.739   ,   1 ,     0.0323 ,    0.338    ,      0.00575    ,  0.0917 , 0.0792 ,126.735 ,"audio_features" ,"55zgIXyhi8z6snmSx0iXQi" ,"spotify:track:55zgIXyhi8z6snmSx0iXQi" ,"https://api.spotify.com/v1/tracks/55zgIXyhi8z6snmSx0iXQi" ,"https://api.spotify.com/v1/audio-analysis/55zgIXyhi8z6snmSx0iXQi" ,     342120 ,             4
"5Ewz5ms8XpjtkihWFLnJJs" ,"Paint"                                ,       0.554 ,0.303  ,  4 ,-13.05   ,   1 ,     0.0366 ,    0.893    ,      0.00207    ,  0.119  , 0.396  , 77.295 ,"audio_features" ,"5Ewz5ms8XpjtkihWFLnJJs" ,"spotify:track:5Ewz5ms8XpjtkihWFLnJJs" ,"https://api.spotify.com/v1/tracks/5Ewz5ms8XpjtkihWFLnJJs" ,"https://api.spotify.com/v1/audio-analysis/5Ewz5ms8XpjtkihWFLnJJs" ,     191773 ,             4
"5gza85soOXdZTE2TMfqDWM" ,"Ride"                                 ,       0.527 ,0.802  ,  4 ,-6.705   ,   1 ,     0.0299 ,    0.0106   ,      0.00181    ,  0.0859 , 0.706  ,104.519 ,"audio_features" ,"5gza85soOXdZTE2TMfqDWM" ,"spotify:track:5gza85soOXdZTE2TMfqDWM" ,"https://api.spotify.com/v1/tracks/5gza85soOXdZTE2TMfqDWM" ,"https://api.spotify.com/v1/audio-analysis/5gza85soOXdZTE2TMfqDWM" ,     233960 ,             4
"5J7zqPpQkN9JZiaELHNKSL" ,"We're Going Home"                     ,       0.386 ,0.675  ,  4 ,-5.481   ,   0 ,     0.0424 ,    0.323    ,      0.00000368 ,  0.14   , 0.429  ,189.894 ,"audio_features" ,"5J7zqPpQkN9JZiaELHNKSL" ,"spotify:track:5J7zqPpQkN9JZiaELHNKSL" ,"https://api.spotify.com/v1/tracks/5J7zqPpQkN9JZiaELHNKSL" ,"https://api.spotify.com/v1/audio-analysis/5J7zqPpQkN9JZiaELHNKSL" ,     206360 ,             4
"5KxcMQlpKTEIkLEGE5nset" ,"No Escape"                            ,       0.575 ,0.753  ,  4 ,-6.846   ,   0 ,     0.0492 ,    0.00361  ,      0          ,  0.3    , 0.435  , 75.975 ,"audio_features" ,"5KxcMQlpKTEIkLEGE5nset" ,"spotify:track:5KxcMQlpKTEIkLEGE5nset" ,"https://api.spotify.com/v1/tracks/5KxcMQlpKTEIkLEGE5nset" ,"https://api.spotify.com/v1/audio-analysis/5KxcMQlpKTEIkLEGE5nset" ,     212798 ,             4
"5lalGRKfTwohXUhiNttBXn" ,"Favorite Days"                        ,       0.337 ,0.128  ,  0 ,-13.633  ,   1 ,     0.0313 ,    0.893    ,      0.0000462  ,  0.0827 , 0.433  , 83.026 ,"audio_features" ,"5lalGRKfTwohXUhiNttBXn" ,"spotify:track:5lalGRKfTwohXUhiNttBXn" ,"https://api.spotify.com/v1/tracks/5lalGRKfTwohXUhiNttBXn" ,"https://api.spotify.com/v1/audio-analysis/5lalGRKfTwohXUhiNttBXn" ,     312960 ,             4
"5Ms8gtJUCzJ4IVWd7gCSR6" ,"Wherever You Are"                     ,       0.441 ,0.692  ,  1 ,-5.079   ,   1 ,     0.0456 ,    0.0669   ,      0          ,  0.084  , 0.251  ,155.832 ,"audio_features" ,"5Ms8gtJUCzJ4IVWd7gCSR6" ,"spotify:track:5Ms8gtJUCzJ4IVWd7gCSR6" ,"https://api.spotify.com/v1/tracks/5Ms8gtJUCzJ4IVWd7gCSR6" ,"https://api.spotify.com/v1/audio-analysis/5Ms8gtJUCzJ4IVWd7gCSR6" ,     197209 ,             4
"5Ny6HXUK1LMW3opDVnQCvi" ,"Grace"                                ,       0.407 ,0.526  ,  4 ,-6.61    ,   1 ,     0.0785 ,    0.478    ,      0          ,  0.145  , 0.484  ,207.859 ,"audio_features" ,"5Ny6HXUK1LMW3opDVnQCvi" ,"spotify:track:5Ny6HXUK1LMW3opDVnQCvi" ,"https://api.spotify.com/v1/tracks/5Ny6HXUK1LMW3opDVnQCvi" ,"https://api.spotify.com/v1/audio-analysis/5Ny6HXUK1LMW3opDVnQCvi" ,     183960 ,             4
"5o792XuwxIxqwr73ZsACfJ" ,"Why Can't We Be Friends?"             ,       0.79  ,0.448  ,  0 ,-6.973   ,   1 ,     0.0594 ,    0.522    ,      0.00000388 ,  0.077  , 0.659  , 82.048 ,"audio_features" ,"5o792XuwxIxqwr73ZsACfJ" ,"spotify:track:5o792XuwxIxqwr73ZsACfJ" ,"https://api.spotify.com/v1/tracks/5o792XuwxIxqwr73ZsACfJ" ,"https://api.spotify.com/v1/audio-analysis/5o792XuwxIxqwr73ZsACfJ" ,     207653 ,             4
"5pjETtb5hpSStfFlAAU0J7" ,"Kids"                                 ,       0.584 ,0.76   , 11 ,-6.494   ,   1 ,     0.0386 ,    0.0496   ,      0.00000679 ,  0.126  , 0.176  ,101.574 ,"audio_features" ,"5pjETtb5hpSStfFlAAU0J7" ,"spotify:track:5pjETtb5hpSStfFlAAU0J7" ,"https://api.spotify.com/v1/tracks/5pjETtb5hpSStfFlAAU0J7" ,"https://api.spotify.com/v1/audio-analysis/5pjETtb5hpSStfFlAAU0J7" ,     257493 ,             4
"5WfRUXwgd5KWRPG9bAmWst" ,"Lyra"                                 ,       0.39  ,0.521  ,  4 ,-6.917   ,   1 ,     0.031  ,    0.54     ,      0.01       ,  0.104  , 0.167  ,143.821 ,"audio_features" ,"5WfRUXwgd5KWRPG9bAmWst" ,"spotify:track:5WfRUXwgd5KWRPG9bAmWst" ,"https://api.spotify.com/v1/tracks/5WfRUXwgd5KWRPG9bAmWst" ,"https://api.spotify.com/v1/audio-analysis/5WfRUXwgd5KWRPG9bAmWst" ,     281801 ,             3
"5YjnnWg091lEmPrTSTLHgc" ,"Beautiful"                            ,       0.608 ,0.573  ,  1 ,-6.869   ,   1 ,     0.0309 ,    0.00503  ,      0.00000164 ,  0.121  , 0.265  ,105.036 ,"audio_features" ,"5YjnnWg091lEmPrTSTLHgc" ,"spotify:track:5YjnnWg091lEmPrTSTLHgc" ,"https://api.spotify.com/v1/tracks/5YjnnWg091lEmPrTSTLHgc" ,"https://api.spotify.com/v1/audio-analysis/5YjnnWg091lEmPrTSTLHgc" ,     239387 ,             4
"6CFkHFZqvv5LTTzDGggLP6" ,"Life's Journey"                       ,       0.722 ,0.618  ,  9 ,-8.631   ,   1 ,     0.0384 ,    0.0115   ,      0.0000394  ,  0.112  , 0.756  ,123.021 ,"audio_features" ,"6CFkHFZqvv5LTTzDGggLP6" ,"spotify:track:6CFkHFZqvv5LTTzDGggLP6" ,"https://api.spotify.com/v1/tracks/6CFkHFZqvv5LTTzDGggLP6" ,"https://api.spotify.com/v1/audio-analysis/6CFkHFZqvv5LTTzDGggLP6" ,     203815 ,             4
"6CFkHFZqvv5LTTzDGggLP6" ,"Life's Journey"                       ,       0.722 ,0.618  ,  9 ,-8.631   ,   1 ,     0.0384 ,    0.0115   ,      0.0000394  ,  0.112  , 0.756  ,123.021 ,"audio_features" ,"6CFkHFZqvv5LTTzDGggLP6" ,"spotify:track:6CFkHFZqvv5LTTzDGggLP6" ,"https://api.spotify.com/v1/tracks/6CFkHFZqvv5LTTzDGggLP6" ,"https://api.spotify.com/v1/audio-analysis/6CFkHFZqvv5LTTzDGggLP6" ,     203815 ,             4
"6dIZb64N6ICAWrf1RJrKfB" ,"Hold Of Me"                           ,       0.596 ,0.658  ,  5 ,-7.856   ,   1 ,     0.0608 ,    0.0741   ,      0          ,  0.123  , 0.419  ,142.979 ,"audio_features" ,"6dIZb64N6ICAWrf1RJrKfB" ,"spotify:track:6dIZb64N6ICAWrf1RJrKfB" ,"https://api.spotify.com/v1/tracks/6dIZb64N6ICAWrf1RJrKfB" ,"https://api.spotify.com/v1/audio-analysis/6dIZb64N6ICAWrf1RJrKfB" ,     202893 ,             4
"6dux5viG3Ku3IefPx3gFNT" ,"Dog Days Are Over"                    ,       0.501 ,0.809  ,  7 ,-5.264   ,   1 ,     0.0938 ,    0.0338   ,      0.00602    ,  0.119  , 0.258  ,149.964 ,"audio_features" ,"6dux5viG3Ku3IefPx3gFNT" ,"spotify:track:6dux5viG3Ku3IefPx3gFNT" ,"https://api.spotify.com/v1/tracks/6dux5viG3Ku3IefPx3gFNT" ,"https://api.spotify.com/v1/audio-analysis/6dux5viG3Ku3IefPx3gFNT" ,     252819 ,             4
"6K0b2FYLwAbq90OgmrMvdg" ,"Let Me"                               ,       0.584 ,0.741  ,  2 ,-7.695   ,   1 ,     0.0459 ,    0.26     ,      0.0000394  ,  0.051  , 0.961  ,177.465 ,"audio_features" ,"6K0b2FYLwAbq90OgmrMvdg" ,"spotify:track:6K0b2FYLwAbq90OgmrMvdg" ,"https://api.spotify.com/v1/tracks/6K0b2FYLwAbq90OgmrMvdg" ,"https://api.spotify.com/v1/audio-analysis/6K0b2FYLwAbq90OgmrMvdg" ,     229562 ,             3
"6Od2OWvoT4embWAgIGeFRd" ,"Like Gold"                            ,       0.477 ,0.712  ,  7 ,-6.759   ,   1 ,     0.0653 ,    0.224    ,      0.00000836 ,  0.118  , 0.407  ,109.965 ,"audio_features" ,"6Od2OWvoT4embWAgIGeFRd" ,"spotify:track:6Od2OWvoT4embWAgIGeFRd" ,"https://api.spotify.com/v1/tracks/6Od2OWvoT4embWAgIGeFRd" ,"https://api.spotify.com/v1/audio-analysis/6Od2OWvoT4embWAgIGeFRd" ,     224400 ,             4
"6VoonmHLcrkzKEfPWnV5SE" ,"Sailboat"                             ,       0.455 ,0.434  , 10 ,-5.824   ,   1 ,     0.0339 ,    0.324    ,      0          ,  0.0955 , 0.409  ,114.823 ,"audio_features" ,"6VoonmHLcrkzKEfPWnV5SE" ,"spotify:track:6VoonmHLcrkzKEfPWnV5SE" ,"https://api.spotify.com/v1/tracks/6VoonmHLcrkzKEfPWnV5SE" ,"https://api.spotify.com/v1/audio-analysis/6VoonmHLcrkzKEfPWnV5SE" ,     238573 ,             5
"77kB9ndJCAwkZk1k0i8igr" ,"Moth"                                 ,       0.488 ,0.597  , 11 ,-5.505   ,   1 ,     0.0292 ,    0.0553   ,      0.00000558 ,  0.0811 , 0.33   ,118.32  ,"audio_features" ,"77kB9ndJCAwkZk1k0i8igr" ,"spotify:track:77kB9ndJCAwkZk1k0i8igr" ,"https://api.spotify.com/v1/tracks/77kB9ndJCAwkZk1k0i8igr" ,"https://api.spotify.com/v1/audio-analysis/77kB9ndJCAwkZk1k0i8igr" ,     221360 ,             4
"77Y57qRJBvkGCUw9qs0qMg" ,"In the Blood"                         ,       0.546 ,0.655  ,  8 ,-6.526   ,   1 ,     0.0255 ,    0.386    ,      0.0000104  ,  0.0983 , 0.518  , 80.007 ,"audio_features" ,"77Y57qRJBvkGCUw9qs0qMg" ,"spotify:track:77Y57qRJBvkGCUw9qs0qMg" ,"https://api.spotify.com/v1/tracks/77Y57qRJBvkGCUw9qs0qMg" ,"https://api.spotify.com/v1/audio-analysis/77Y57qRJBvkGCUw9qs0qMg" ,     243667 ,             4
"7Afr3PKTtlFGHGiXYgnv6P" ,"I Like You"                           ,       0.624 ,0.334  ,  3 ,-11.89   ,   1 ,     0.0391 ,    0.321    ,      0.00000327 ,  0.113  , 0.397  ,157.92  ,"audio_features" ,"7Afr3PKTtlFGHGiXYgnv6P" ,"spotify:track:7Afr3PKTtlFGHGiXYgnv6P" ,"https://api.spotify.com/v1/tracks/7Afr3PKTtlFGHGiXYgnv6P" ,"https://api.spotify.com/v1/audio-analysis/7Afr3PKTtlFGHGiXYgnv6P" ,     138507 ,             4
"7k89nEaNK54kLKXHFbERzQ" ,"Down on My Knees"                     ,       0.735 ,0.62   ,  0 ,-7.676   ,   1 ,     0.0513 ,    0.0715   ,      0          ,  0.0953 , 0.342  ,104.002 ,"audio_features" ,"7k89nEaNK54kLKXHFbERzQ" ,"spotify:track:7k89nEaNK54kLKXHFbERzQ" ,"https://api.spotify.com/v1/tracks/7k89nEaNK54kLKXHFbERzQ" ,"https://api.spotify.com/v1/audio-analysis/7k89nEaNK54kLKXHFbERzQ" ,     230635 ,             4
"7kr3xZk4yb3YSZ4VFtg2Qt" ,"Acoustic"                             ,       0.88  ,0.245  ,  9 ,-10.245  ,   1 ,     0.446  ,    0.785    ,      0.0000319  ,  0.0979 , 0.638  , 76.006 ,"audio_features" ,"7kr3xZk4yb3YSZ4VFtg2Qt" ,"spotify:track:7kr3xZk4yb3YSZ4VFtg2Qt" ,"https://api.spotify.com/v1/tracks/7kr3xZk4yb3YSZ4VFtg2Qt" ,"https://api.spotify.com/v1/audio-analysis/7kr3xZk4yb3YSZ4VFtg2Qt" ,     172200 ,             4
"7oekneJCJO74ycdLzdk16v" ,"Lay It on Me"                         ,       0.733 ,0.663  ,  5 ,-5.766   ,   1 ,     0.0322 ,    0.101    ,      0.00000698 ,  0.0694 , 0.53   ,127.974 ,"audio_features" ,"7oekneJCJO74ycdLzdk16v" ,"spotify:track:7oekneJCJO74ycdLzdk16v" ,"https://api.spotify.com/v1/tracks/7oekneJCJO74ycdLzdk16v" ,"https://api.spotify.com/v1/audio-analysis/7oekneJCJO74ycdLzdk16v" ,     215493 ,             4
"7onS7sAXzPt7Qf3ngWqu8Q" ,"Better"                               ,       0.585 ,0.377  ,  2 ,-8.212   ,   1 ,     0.0731 ,    0.601    ,      0.00000299 ,  0.15   , 0.574  ,129.668 ,"audio_features" ,"7onS7sAXzPt7Qf3ngWqu8Q" ,"spotify:track:7onS7sAXzPt7Qf3ngWqu8Q" ,"https://api.spotify.com/v1/tracks/7onS7sAXzPt7Qf3ngWqu8Q" ,"https://api.spotify.com/v1/audio-analysis/7onS7sAXzPt7Qf3ngWqu8Q" ,     210520 ,             4
"7pwv8qF2fnu4Pbo43rd7i1" ,"Explaining Jesus"                     ,       0.422 ,0.143  ,  5 ,-14.12   ,   1 ,     0.0334 ,    0.808    ,      0          ,  0.112  , 0.189  ,108.951 ,"audio_features" ,"7pwv8qF2fnu4Pbo43rd7i1" ,"spotify:track:7pwv8qF2fnu4Pbo43rd7i1" ,"https://api.spotify.com/v1/tracks/7pwv8qF2fnu4Pbo43rd7i1" ,"https://api.spotify.com/v1/audio-analysis/7pwv8qF2fnu4Pbo43rd7i1" ,     231524 ,             5
"7rpZJ7nSe2m5he3OHEz8Yv" ,"Paris"                                ,       0.659 ,0.364  ,  2 ,-8.83    ,   1 ,     0.0406 ,    0.399    ,      0.0000207  ,  0.123  , 0.201  ,129.926 ,"audio_features" ,"7rpZJ7nSe2m5he3OHEz8Yv" ,"spotify:track:7rpZJ7nSe2m5he3OHEz8Yv" ,"https://api.spotify.com/v1/tracks/7rpZJ7nSe2m5he3OHEz8Yv" ,"https://api.spotify.com/v1/audio-analysis/7rpZJ7nSe2m5he3OHEz8Yv" ,     187680 ,             4
"7vh8aA3VMof7m2JR8hX8Nm" ,"Deep Burn Blue"                       ,       0.556 ,0.811  ,  9 ,-5.974   ,   0 ,     0.0337 ,    0.326    ,      0.628      ,  0.13   , 0.15   ,110.012 ,"audio_features" ,"7vh8aA3VMof7m2JR8hX8Nm" ,"spotify:track:7vh8aA3VMof7m2JR8hX8Nm" ,"https://api.spotify.com/v1/tracks/7vh8aA3VMof7m2JR8hX8Nm" ,"https://api.spotify.com/v1/audio-analysis/7vh8aA3VMof7m2JR8hX8Nm" ,     279480 ,             4
"7w87IxuO7BDcJ3YUqCyMTT" ,"Pumped Up Kicks"                      ,       0.733 ,0.71   ,  5 ,-5.849   ,   0 ,     0.0292 ,    0.145    ,      0.115      ,  0.0956 , 0.965  ,127.975 ,"audio_features" ,"7w87IxuO7BDcJ3YUqCyMTT" ,"spotify:track:7w87IxuO7BDcJ3YUqCyMTT" ,"https://api.spotify.com/v1/tracks/7w87IxuO7BDcJ3YUqCyMTT" ,"https://api.spotify.com/v1/audio-analysis/7w87IxuO7BDcJ3YUqCyMTT" ,     239600 ,             4
"7wF4asYZw8cAHEljYd2Wid" ,"Forever Like That"                    ,       0.592 ,0.304  ,  8 ,-9.833   ,   1 ,     0.0298 ,    0.564    ,      0          ,  0.107  , 0.307  ,114.72  ,"audio_features" ,"7wF4asYZw8cAHEljYd2Wid" ,"spotify:track:7wF4asYZw8cAHEljYd2Wid" ,"https://api.spotify.com/v1/tracks/7wF4asYZw8cAHEljYd2Wid" ,"https://api.spotify.com/v1/audio-analysis/7wF4asYZw8cAHEljYd2Wid" ,     254027 ,             3
"7xT7S9uNrRkYTl4U4xps4M" ,"Give Me Your Fire, Give Me Your Rain" ,       0.526 ,0.654  ,  2 ,-4.407   ,   1 ,     0.0328 ,    0.123    ,      0.0918     ,  0.248  , 0.739  , 78.02  ,"audio_features" ,"7xT7S9uNrRkYTl4U4xps4M" ,"spotify:track:7xT7S9uNrRkYTl4U4xps4M" ,"https://api.spotify.com/v1/tracks/7xT7S9uNrRkYTl4U4xps4M" ,"https://api.spotify.com/v1/audio-analysis/7xT7S9uNrRkYTl4U4xps4M" ,     212200 ,             4
"7ylOCfpjsuxM6w7W7b3W91" ,"I See You (feat. Billy Raffoul)"      ,       0.68  ,0.513  ,  4 ,-9.914   ,   0 ,     0.0365 ,    0.483    ,      0.0000705  ,  0.0975 , 0.272  ,106.953 ,"audio_features" ,"7ylOCfpjsuxM6w7W7b3W91" ,"spotify:track:7ylOCfpjsuxM6w7W7b3W91" ,"https://api.spotify.com/v1/tracks/7ylOCfpjsuxM6w7W7b3W91" ,"https://api.spotify.com/v1/audio-analysis/7ylOCfpjsuxM6w7W7b3W91" ,     228707 ,             4
"7zWYskRENVPyJUh8FLzuoT" ,"Flatline"                             ,       0.755 ,0.852  ,  2 ,-5.666   ,   1 ,     0.0388 ,    0.023    ,      0.00176    ,  0.0475 , 0.919  ,123.969 ,"audio_features" ,"7zWYskRENVPyJUh8FLzuoT" ,"spotify:track:7zWYskRENVPyJUh8FLzuoT" ,"https://api.spotify.com/v1/tracks/7zWYskRENVPyJUh8FLzuoT" ,"https://api.spotify.com/v1/audio-analysis/7zWYskRENVPyJUh8FLzuoT" ,     201204 ,             4
